timestamp,grade,machine_speed,stock_flow,headbox_pressure,steam_pressure,dryer_temperature,moisture,pulp_consistency,basis_weight,is_transition,predicted_bw,bw_roll_std5
2024-02-04 14:57:00,60,851.7609743099721,278.199215367691,0.4053492659132297,4.66634796610667,126.44501268318572,5.634189045731967,0.7208297887105033,58.27845940006798,0,59.753277,6.538100148226176
2024-02-04 14:58:00,60,771.7361881937921,283.81938622156287,0.4277246400260318,4.212028277618812,127.48285865471708,6.037697940147497,0.6876841792361202,60.14220587578012,0,60.3857,4.5623350211440075
2024-02-04 14:59:00,60,735.2419282249531,286.0683782613299,0.4516511970475424,4.5012047185302935,118.66778985301303,5.156723084812237,0.647604133513511,65.03407613772947,0,59.757427,4.80042038254283
2024-02-04 15:00:00,60,840.7516190087142,256.810426258174,0.4523812909450542,4.5863341484609705,119.43551405047944,4.902741012020425,0.6363671612912192,54.08298007818231,0,59.831802,4.2119518110231695
2024-02-04 15:01:00,60,819.64362071565,282.07222821855595,0.4773452494890284,4.350642873425865,127.796062749184,5.227209531635258,0.6605781432976322,58.39273047056025,0,59.73087,3.956262218260012
2024-02-04 15:02:00,60,826.5966324243211,305.5000692325442,0.490594376526307,4.371713222642398,124.16028166083218,4.232130366772051,0.6208992855179355,64.83044662935195,0,59.634403,4.611325702509426
2024-02-04 15:03:00,60,767.0908330257876,312.20737871005747,0.458239624448694,4.913937085205597,119.95285564781064,6.118972064713745,0.6508603029649617,66.39880514593422,0,59.815742,5.290088041417217
2024-02-04 15:04:00,60,851.3813521206716,275.3080778752905,0.3757720899931737,4.300718681339851,115.0141688762196,4.712966334687374,0.6457225818943998,57.67486802200156,0,60.54592,5.169569962504608
2024-02-04 15:05:00,60,742.4172875782256,310.1200149222246,0.4359150792788531,3.95346068106041,118.79054704309496,4.3759147728159,0.6860980861174413,67.26351216971898,0,59.72318,4.544921731103698
2024-02-04 15:06:00,60,878.1364720728453,291.9305708932022,0.4448185459760007,4.485539164290333,114.08389211819902,5.456950994390954,0.6553139613610799,58.83509121313339,0,59.664352,4.438001847891847
2024-02-04 15:07:00,60,888.8622950773372,297.4402586520964,0.4707301168626464,4.2372608743312,116.5889882489931,5.986436167335025,0.6633204507984606,60.44445721230589,0,60.730732,4.419307145549971
2024-02-04 15:08:00,60,835.221774398539,294.7961840218612,0.4523056510003911,4.30959125076004,120.79489901116204,4.826111591256698,0.6471424849608397,61.13849145932508,0,59.964447,3.7174358786101034
2024-02-04 15:09:00,60,788.4354867641641,304.5984361409063,0.4024335071203078,4.812398479582858,127.0103464610876,5.838236741486341,0.6327530370387657,63.48943734822812,0,59.48538,3.272128462424719
2024-02-04 15:10:00,60,835.0713398566933,286.7955990069698,0.4482301452361643,4.254312518919347,126.4067961272647,5.306912794492899,0.6700657340131011,60.662955552669736,0,60.167854,1.679927781265856
2024-02-04 15:11:00,60,792.2916023316819,308.19558043834667,0.3927480654703893,4.708543059739341,119.41601557228482,5.7871997330105005,0.7118103141375793,65.85405646478796,0,59.875175,2.3192960035553076
2024-02-04 15:12:00,60,843.7012522682948,274.33412616981667,0.4850178706082492,4.641871237209746,124.96920691247917,5.919108335350854,0.6833498571413231,58.14934828890223,0,60.225273,2.9295892501138447
2024-02-04 15:13:00,60,818.3051377436374,289.8439949298977,0.4716694427551385,4.330595553133827,123.65850684195756,5.095545353412176,0.6483620555853109,62.12523810356391,0,60.01062,2.9020367703533188
2024-02-04 15:14:00,60,844.4068337309357,288.7593084803265,0.4840891240775808,4.296744752919478,115.739278396072,5.696533413646438,0.6334938823261025,57.55464250767461,0,60.43185,3.3486134127925835
2024-02-04 15:15:00,60,764.2117961395794,280.80225796385184,0.4011636447104858,4.081457791066386,127.8887374029018,6.161158229110102,0.6137842827159641,60.14241323845937,0,59.929718,3.3646837400036937
2024-02-04 15:16:00,60,735.9882914650947,267.8486750158355,0.472718483023024,4.096473556237145,115.13395425079284,5.394785094066868,0.6192022871657912,59.55833101487295,0,59.49923,1.7969744375467607
2024-02-04 15:17:00,60,825.3858936320951,296.04878477702664,0.440500928661677,3.9413473543516537,120.91063325332048,6.305421143789332,0.6909081243533817,59.14285526055827,0,60.64862,1.659099017665931
2024-02-04 15:18:00,60,708.8441358318667,263.61236189807164,0.4178819528650609,4.110604456847928,126.41458212513544,5.422627401904391,0.6799536405266593,59.868954504543225,0,59.27359,1.0198323342549902
2024-02-04 15:19:00,60,802.3751312151066,251.4595590747706,0.4181236551783399,4.723042395339717,117.39952758165786,5.670298612553834,0.6520545562122895,53.26124177093985,0,59.27569,2.8937041449172347
2024-02-04 15:20:00,60,824.6167109962311,254.23417618175165,0.380322425009149,4.552268683405778,125.86048466487922,4.501128840665578,0.6388587735051499,52.99764674417126,0,59.161346,3.5128010434147585
2024-02-04 15:21:00,60,879.780483651806,279.4031521555543,0.4106843275005952,4.415058477504034,119.41292296990105,5.045156750729926,0.639864586781629,58.04382842334698,0,60.161133,3.291704992400635
2024-02-04 15:22:00,60,739.1988779033175,282.04185908590034,0.4588027024083481,4.275642581941572,122.3965537840854,6.076795573003816,0.6836400372225164,62.22558747754948,0,60.152702,4.069211237886846
2024-02-04 15:23:00,60,774.035087585828,283.7110044196996,0.4922159946478708,4.016444627915923,119.82859388851972,4.9295874233700845,0.6639606112799742,62.38317741494512,0,60.227043,4.591082334298773
2024-02-04 15:24:00,60,806.3242959075245,295.16508617379765,0.4738669462475813,4.058460238645487,117.5718619493362,5.611498026527339,0.6866597609220233,63.10371560397608,0,60.292007,4.266581120213072
2024-02-04 15:25:00,60,825.3057355027063,279.98633187253125,0.4390949441761059,4.667311757003155,116.7165148259813,4.458648077340189,0.6812988216201699,60.59588977988646,0,60.16272,2.023451936982689
2024-02-04 15:26:00,60,885.9776631050912,292.52531446108566,0.4001151888077614,4.140807533949543,117.84804098581444,5.303026014938848,0.6811225749369596,58.35777650970129,0,60.273163,1.89936205009389
2024-02-04 15:27:00,60,740.7306939031113,272.1033878602591,0.4186185792513068,4.34137141619537,127.6351181467643,5.147206720966288,0.7258524591247746,60.467053194278456,0,59.89528,1.855112823696181
2024-02-04 15:28:00,60,761.0177153573985,258.8698298064165,0.4694493028540841,4.17920465313896,119.19878084442068,6.035933958581984,0.7050148653567677,55.36094658587428,0,60.258484,2.895240331342878
2024-02-04 15:29:00,60,869.5338101369674,262.69459237788953,0.4598161283996195,4.104121055398179,116.42900014479896,5.523332182412724,0.6864025325438612,51.68080738377222,0,60.140945,3.7863893973785347
2024-02-04 15:30:00,60,880.9820684779794,285.0719638583328,0.4581485865776962,4.258759736813094,125.35828047685928,5.430009047546308,0.7048017468371369,59.45453011700893,0,60.554783,3.565403776842038
2024-02-04 15:31:00,60,732.2383710452609,252.90661969154348,0.4521666413992742,4.84630710152127,123.22948198180092,4.8052585799351295,0.6886141249530618,59.43646377747664,0,59.81548,3.6935737866263794
2024-02-04 15:32:00,60,833.1200282261531,285.01829614190274,0.3876983773365664,4.426122437083466,119.42738507171218,5.287272249201165,0.7072023573079157,60.76374367601216,0,60.606533,3.759372612792166
2024-02-04 15:33:00,60,782.2612799476308,259.8430768977347,0.4239824519286387,4.2262322067629805,124.24455210310482,5.012381645028478,0.6931276242569514,57.82828445559807,0,59.530552,3.593021376589783
2024-02-04 15:34:00,60,890.0366090822815,286.4768284323254,0.4699649074641303,4.658947948040718,116.683848692877,5.445331698037599,0.7152268424087236,59.847856644572055,0,60.03368,1.0621992683508537
2024-02-04 15:35:00,60,860.9377169379442,257.6451641739817,0.461796710716887,4.390939931403262,122.36869373750812,5.193754930032896,0.7066173355484526,55.08841036539632,0,59.625576,2.228517601960546
2024-02-04 15:36:00,60,739.6487841059954,253.7861436425294,0.3959068833898058,4.142988221066323,121.5019414024306,5.436455496828387,0.6771313065653014,58.45907131673816,0,59.718155,2.178331649482032
2024-02-04 15:37:00,60,817.9132269116509,259.2668653344845,0.3975317350298226,4.654984144697684,119.34892293604766,5.744333306936382,0.6340134876839622,54.251079880982736,0,60.00534,2.3500478688444173
2024-02-04 15:38:00,60,811.6379817336481,290.3292220491789,0.4410081670911089,4.625176429191697,127.43177390255988,5.352179243377207,0.7118254250516,63.38584832385603,0,60.24692,3.7064580208573834
2024-02-04 15:39:00,60,891.6245910732182,297.00554909379827,0.4757135028333659,4.372060184629682,126.81275237840924,4.420791600562163,0.728143059937112,60.41460776774917,0,59.017406,3.7771955231726517
2024-02-04 15:40:00,60,803.437823021987,286.32555266839114,0.4755438198446056,4.4732742896808135,122.44424068375116,5.135072040543504,0.6936122826551544,64.2062638180208,0,59.932335,4.0202700993008635
2024-02-04 15:41:00,60,752.41325053875,276.2204176599803,0.4707607350942747,3.986206967868551,118.75059095582276,5.387421227627998,0.681953179830084,61.683384100346125,0,59.674538,3.940361729973552
2024-02-04 15:42:00,60,897.9963400097207,253.2604180698232,0.4276402909609008,4.7131744454430615,115.07730627588714,5.183308053620106,0.6334882767587944,50.96731060340103,0,59.43892,5.330697532932581
2024-02-04 15:43:00,60,856.9032989539862,290.0042055185914,0.473336151776452,4.721344837999007,119.94036100311476,4.79065030660349,0.7093347105039058,62.5396277285327,0,59.639812,5.2136933677778385
2024-02-04 15:44:00,60,852.1100037952867,292.26894984974547,0.4197543585732405,4.014435855211712,116.89524026927891,4.6887542366765285,0.6234743493748056,57.6344685953895,0,59.51743,5.300906427958317
2024-02-04 15:45:00,60,770.9563975733529,261.0400989346203,0.4673960531657414,4.051038129817792,124.30119803311696,5.95927044447795,0.7035501068499239,57.4505525551943,0,59.828335,4.584064827708422
2024-02-04 15:46:00,60,773.1582837568071,257.1114244741601,0.3888443300393716,4.0352465594945786,119.58259356850029,5.613755804097892,0.7128288698775089,57.52085412509749,0,59.803997,4.114303796670879
2024-02-04 15:47:00,60,736.404672038854,298.00940704975466,0.4875103787133469,4.782403879555326,123.40339780998774,5.807208554702779,0.6490883071898434,66.39813578430865,0,60.01939,4.035804496678333
2024-02-04 15:48:00,60,775.5657615686603,262.803028635502,0.4183323065035847,4.578157237330081,122.38055894165848,5.805863530259988,0.6502554445098059,58.96207308854116,0,59.362408,3.85446677308824
2024-02-04 15:49:00,60,736.6002667153208,301.2414826380395,0.4685862127500703,4.529340156081323,120.91986396892918,5.77027214872466,0.6427499123665346,67.78523959217404,0,59.645325,5.052043357613842
2024-02-04 15:50:00,60,750.7496303329598,283.27557342187686,0.4190339651665337,4.765100011702628,120.98088651497082,4.928776016745307,0.6510448625868838,62.51299905177577,0,60.51537,4.481794268080677
2024-02-04 15:51:00,60,721.3826282684239,303.3344502352936,0.5118597871673426,4.604061006650831,118.3070533505388,4.753291189162341,0.7075335511670635,70.22635561993647,0,62.55235,4.458483377506699
2024-02-04 15:52:00,60,768.5751829791852,262.6635707908431,0.4435809853899792,4.103354784579518,123.48011256615736,4.755307799416007,0.6714246567831192,57.98477205860272,0,59.96105,5.375678234377619
2024-02-04 15:53:00,60,704.7373837813847,276.9013824133022,0.4843529141338865,4.155745049400254,123.83452851196718,5.556867359132853,0.6232517693542261,62.855879973866685,0,59.56299,4.806919835708257
2024-02-04 15:54:00,60,736.5861532261679,305.0549824233318,0.4296866842821787,4.434140630652891,120.47964276845153,5.424677104639408,0.6311063704002912,65.29511084493616,0,61.19609,4.4691971858070945
2024-02-04 15:55:00,60,808.3810409436724,286.9515904945458,0.3928227617372405,4.529160270256901,117.19707344617728,4.94198954595927,0.6522399781901359,62.03942923195099,0,60.912357,4.507483278735753
2024-02-04 15:56:00,60,707.6863575875481,303.6708547058108,0.4895871987216316,4.393146420803127,124.46805177693672,4.876297992293899,0.69143650051981,70.88875004070181,0,60.27003,4.751125233098462
2024-02-04 15:57:00,60,801.2968878475037,296.0439636219765,0.4502114223881034,4.056007233140646,114.41647529023622,4.96442008033974,0.6863044285328038,62.424552350203015,0,60.234226,3.6848289886593
2024-02-04 15:58:00,60,771.4148424434348,281.63029713632324,0.3822365508796432,4.738490494239387,122.5795101770996,4.343295427338192,0.6459117649855064,61.69487638265196,0,59.888477,3.8624471137773693
2024-02-04 15:59:00,60,897.9300511936988,298.59834151850123,0.4265013524530985,4.2687733466645845,117.95241206054564,5.4835891633070455,0.6054431643503604,58.67889068652761,0,60.86167,4.575914845383338
2024-02-04 16:00:00,60,719.3474468332649,276.29920774009145,0.4717093443414929,4.030278895954816,128.14077934578611,4.596848614144882,0.6898768584684555,62.93408478140631,0,59.967022,4.53920607483764
2024-02-04 16:01:00,60,851.1108689007621,258.9987930989509,0.4266947210734915,4.519003317347536,115.57195048945964,4.860134411029944,0.6515777675734689,53.70927956967336,0,60.618,3.8280564097379464
2024-02-04 16:02:00,60,887.4972953843276,282.2033263907205,0.4369277452200856,4.754468264610233,121.7698015763322,5.569626132844388,0.6958832199642228,56.89443878492912,0,60.626587,3.709132910647971
2024-02-04 16:03:00,60,890.1091272985304,268.44752697544675,0.4739584634012466,4.03747991314007,121.04382274293188,4.790590494136132,0.7116786441708698,53.1587166125374,0,61.146442,3.987458204022493
2024-02-04 16:04:00,60,749.4276640654535,258.25387013812144,0.4879805677296737,4.801719718874673,118.94062286930668,4.50326289295947,0.6312172817603242,60.14555561008261,0,60.224895,4.184037408642841
2024-02-04 16:05:00,60,749.039563914818,281.17207437299584,0.3902917998893775,4.200918818822922,128.36447148150395,4.7481171918415495,0.7313398274382954,63.48185648398047,0,60.93311,4.369272020711103
2024-02-04 16:06:00,60,768.7572394060567,301.08560622936085,0.4468288108048862,4.27946689179659,117.43752989228342,4.765793779955916,0.6822281298960948,66.56518554438114,0,59.915203,5.2839796124815015
2024-02-04 16:07:00,60,880.3542300268581,301.2911925561944,0.4124487626569691,4.791404755156236,124.50397786370992,4.455380187384612,0.6331607385369641,61.0286032055522,0,59.60453,4.981732123471326
2024-02-04 16:08:00,60,782.9703122619662,270.2402105462483,0.3997609242004737,4.645267701337633,125.25067447910354,5.29372075524604,0.6914897970652413,60.045178988269896,0,59.384777,2.7802866324227504
2024-02-04 16:09:00,60,857.472555965859,277.6894539120887,0.4709765458652672,4.342146524286928,117.24718530641186,6.442861157844312,0.6744087737596194,55.75607879501884,0,60.272938,4.026088662572316
2024-02-04 16:10:00,60,892.09583260707,300.43629953608706,0.4996884097272804,4.4939602488023125,115.57385580493718,4.746676906642753,0.6258359417868662,59.98769643017105,0,60.179165,3.8692426748882944
2024-02-04 16:11:00,60,804.8639211859288,302.1585467873816,0.4940275312205805,4.742837442287824,113.7884708343682,4.495639671269119,0.636437747843098,64.96110257528947,0,59.79277,3.2806591089031967
2024-02-04 16:12:00,60,701.87084727488,268.18485404560977,0.416296333059461,4.3550990351185614,119.64345835418128,6.086648568406551,0.6164130697669687,57.03703716005591,0,59.418488,3.5505406851821673
2024-02-04 16:13:00,60,718.0249045970338,307.2822440398392,0.3877638555577299,4.460565252744218,115.86135774852217,5.786029774878736,0.6478239650473566,67.85912631200615,0,60.22788,5.169483529486487
2024-02-04 16:14:00,60,759.4115051365513,270.2851234366713,0.505927416620478,4.623313151573715,125.37226657578286,4.879223036975535,0.6572774365819558,62.42101293833302,0,60.419247,4.21094343309353
2024-02-04 16:15:00,60,702.3030216994432,267.1844580951389,0.4207176393187947,4.14367240787434,119.06328083945508,5.28992954643792,0.602278671762792,60.047548098367365,0,59.367966,4.202258789923786
2024-02-04 16:16:00,60,889.4301762959338,288.2741132283534,0.4199381183118712,4.3454116136086505,116.34823360742335,4.469949184247914,0.668054123203323,58.55090191246422,0,59.991142,4.228165610664904
2024-02-04 16:17:00,60,851.6186099906299,274.9294670909482,0.4907635872155877,4.327251024119404,125.97201541764382,6.030867023071436,0.6339001176731958,56.30547491328393,0,60.095707,4.415991606322849
2024-02-04 16:18:00,60,829.0702927242554,274.80010706168235,0.4791594978357696,4.462787193038626,121.85775493672332,4.474076244871379,0.6524124816697097,60.0217996606316,0,60.282143,2.247525318228498
2024-02-04 16:19:00,60,752.2694320842947,253.6096515183193,0.3941798653951822,4.419459260859203,119.55063115001542,5.217979170353512,0.6522987843174874,58.67247134459674,0,59.58341,1.5262576936859273
2024-02-04 16:20:00,60,770.3688484739987,272.1910951336508,0.4846312285545673,3.9042945799362863,122.29797628268518,5.606852199756464,0.6214808421745882,58.97148166035375,0,59.69815,1.358891914981126
2024-02-04 16:21:00,60,744.1398830154693,252.4079696282052,0.493745829298148,4.390645166223679,119.61562770013832,5.262460736511007,0.6655672871049314,59.287268301751936,0,58.668915,1.4043311631650823
2024-02-04 16:22:00,60,823.0958595593235,283.9320697609596,0.4460432579728521,4.208450111392676,120.83322433915367,5.4248652490445215,0.6315900421118837,57.90233749769119,0,59.806232,0.7802827491058871
2024-02-04 16:23:00,60,704.3225362113463,286.775582709134,0.4773012989140868,4.186378223882345,124.95033930191217,5.902281341624275,0.6439111540439979,62.83652255082913,0,59.19623,1.9162797784233294
2024-02-04 16:24:00,60,734.556741926223,288.1236848699584,0.4790142607854868,4.280883155168314,121.01870600018717,5.537174287477008,0.6812768035667596,65.92120431151577,0,60.129326,3.325417200730456
2024-02-04 16:25:00,60,868.6098932560145,283.509830405282,0.4621504517351348,4.29235755296917,125.17838243655972,5.933819707096541,0.6082619974811195,55.03620818948937,0,60.177017,4.256185315064766
2024-02-04 16:26:00,60,787.1735385050849,286.8044374336823,0.4213019196772437,4.586926600479046,116.69829163207233,5.381671223661111,0.6769839793531202,63.44039002476823,0,59.909847,4.435796457072488
2024-02-04 16:27:00,60,807.5589273531984,279.24545114289475,0.4663447418603003,4.486862727999381,119.93761666705298,4.7212395661173145,0.6249032420391724,59.89822407990438,0,59.726357,4.165865461853337
2024-02-04 16:28:00,60,717.2485630572237,272.8560510779024,0.4377839328579153,4.594296654386188,118.73699468511424,5.7278770198290605,0.6645391275435544,60.73757915323542,0,60.1744,4.093382376401853
2024-02-04 16:29:00,60,882.2566329334868,274.54703459407085,0.4841637340471737,4.162932530057539,117.97522683044464,6.085352002088121,0.6347899402535389,53.016552002232615,0,60.198193,4.283916583695
2024-02-04 16:30:00,60,790.9274025911716,273.1549484057541,0.3935918662310319,4.181427603882221,126.62333329368988,5.167283811222517,0.649889327695387,59.40205978682801,0,59.80013,3.842507806514905
2024-02-04 16:31:00,60,802.2622596086364,299.1186245493565,0.4321999789190786,4.390822381711309,126.63720584738245,5.910777569499305,0.6884245383647832,62.01939647301285,0,60.194733,3.496603897356077
2024-02-04 16:32:00,60,868.0520440168502,259.75761803794995,0.4363562727894323,4.80940227505984,120.06091550365322,6.21125287845679,0.6431600588449226,52.48922109398423,0,59.772232,4.4645401082208975
2024-02-04 16:33:00,60,836.6434579008263,261.7066188399861,0.463476842072384,4.819430392101422,119.8457255746743,5.415648058217788,0.7118712529637186,56.35088287082522,0,59.48553,4.092908196196121
2024-02-04 16:34:00,60,751.4201574266972,246.4589609967281,0.4619279019147592,4.402691979302442,126.31269752863024,5.2878298916397615,0.66977054201011,56.23448154736344,0,59.19435,3.601079763913655
2024-02-04 16:35:00,60,735.3156385228017,274.3048785487937,0.4482753209549526,4.65183001955224,116.21490015818571,4.808579535861914,0.6301694579466819,63.66778480058121,0,60.464447,4.5926191244656165
2024-02-04 16:36:00,60,709.8629563499422,290.1825140325886,0.4522546316441175,4.371518783803035,127.65360956111492,5.477211227336129,0.6921091968098643,66.24972701255768,0,59.96615,5.731555200165337
2024-02-04 16:37:00,60,820.4346581140143,281.9400464081292,0.4150386602683442,4.745888645321716,122.86387411437912,5.162149306225322,0.6915447773675363,59.1091671016472,0,59.9856,4.479976691519412
2024-02-04 16:38:00,60,721.6960876397447,309.5750597878162,0.4263280545381985,4.505219873355329,121.89689684692593,5.070146220478822,0.6754759003228139,70.89535875362272,0,60.06776,5.787630458171682
2024-02-04 16:39:00,60,820.1825333906565,283.958307384769,0.4461324564785197,4.099497973387377,126.47529180330704,5.7043463642437615,0.7167618504916968,58.60711702106396,0,60.003185,5.1305059933188035
2024-02-04 16:40:00,60,715.5581251988247,252.8882194856904,0.3916234914271745,4.07490887079306,124.30096100492058,5.221197983361918,0.6413904277143629,56.90942720205655,0,59.061104,5.965378104864585
2024-02-04 16:41:00,60,845.5841449738831,289.6650745614494,0.4715794234585973,4.056176760693361,121.31337604273838,5.787310987695271,0.6879529637511826,58.15049041536708,0,60.324306,5.738440625456807
2024-02-04 16:42:00,60,863.7128728360324,277.8057793884311,0.4611343793199876,4.159114360823759,118.51759031478258,5.422938294901699,0.6742152163853424,56.2222157989101,0,60.04254,6.07803057001483
2024-02-04 16:43:00,60,761.6167930112158,273.80942966834255,0.4768074026421458,4.565930556187751,121.52728387087126,5.774183109991887,0.6203750189449823,59.768142708455365,0,59.719093,1.4003532484987542
2024-02-04 16:44:00,60,771.2766867458299,289.3545014874244,0.4150995121728376,4.072438303412692,118.89846934827412,5.711189135584481,0.6301088163750685,58.34390806914975,0,59.53423,1.3732909285920554
2024-02-04 16:45:00,60,795.6435046912143,276.3956901380082,0.4188657551807712,4.729894878281704,121.57488834642812,5.696561851425022,0.7068214100925706,60.71975102741559,0,60.168503,1.7154472267266172
2024-02-04 16:46:00,60,822.366768357373,287.9370321428132,0.5087386927561266,4.209585377320336,126.1592492595382,6.258129253255146,0.7010873257000575,60.53529059573359,0,60.074684,1.869611516425633
2024-02-04 16:47:00,60,785.0542207651913,285.5424734220612,0.463762046204043,4.14761951213842,119.24595168015183,4.931337721395569,0.6861714220347954,60.51567435404854,0,60.2555,0.9828717062210292
2024-02-04 16:48:00,60,791.53992751643,271.6225902566628,0.4528833910757707,4.35192466759822,122.21842727211188,4.966326919078109,0.6867219484606011,59.640122935400605,0,60.128654,0.9912895363749337
2024-02-04 16:49:00,60,873.1491864801236,289.2905494941955,0.474332766907635,4.118982653834901,120.22608869245173,5.728373714057091,0.6718230433070428,57.55028244364471,0,59.940342,1.3214832049158494
2024-02-04 16:50:00,60,838.2630265644209,268.67354228991235,0.4208648343881702,4.586067438537191,118.6463940609058,6.2803449831370415,0.6442431808813361,54.580422914231896,0,60.047016,2.537201657774535
2024-02-04 16:51:00,60,777.5208372749628,308.07310818134806,0.4683985003648716,4.404093090397415,116.76615639216776,5.61564776361083,0.6550952479869817,67.03045522188285,0,59.73392,4.612546876521601
2024-02-04 16:52:00,60,882.5106758421675,269.0331518664437,0.4425393156444772,4.685998672707444,116.17783420235696,5.541078246400003,0.6775392692716419,54.82708617345798,0,60.1866,5.088448852925873
2024-02-04 16:53:00,60,792.9290249872391,284.4723262943317,0.4796524917614414,4.592660252015793,124.57619672903422,5.640596699707647,0.630538226479933,61.11966305518244,0,59.449474,5.196787614654705
2024-02-04 16:54:00,60,826.5507030174502,293.98753264115567,0.4344945827175537,4.162437431742796,123.86318683771115,5.727272100178673,0.7111959534322986,60.08652620625978,0,60.311657,5.140751003864009
2024-02-04 16:55:00,60,708.3619414035974,253.99596833464244,0.444573871254143,4.515705572498363,119.25746377731558,5.600165462409176,0.6534303076674094,59.18741243734277,0,59.266697,4.39016627608352
2024-02-04 16:56:00,60,806.5600753887917,285.47233551162503,0.3999095523443697,4.662739325638375,123.32146744673564,6.101062740135911,0.6207909281874247,57.822322287192,0,60.269135,2.436329556851144
2024-02-04 16:57:00,60,888.0074847113797,260.24954093381297,0.3655260635924905,4.118972118957628,127.66655214611322,5.437393429698982,0.7103188964543117,52.44068075427743,0,59.42312,3.4039393124972155
2024-02-04 16:58:00,60,780.9349428940865,257.84783810290025,0.3951909651428633,4.087989360307762,122.75171720029672,5.575673031212962,0.6876726084295028,56.63499524693915,0,60.041393,2.9846927964687064
2024-02-04 16:59:00,60,737.5598783557806,273.10840106421506,0.4109136011461249,3.962011752211955,125.74491301893146,4.560725748175503,0.7258129060731721,60.53559080924472,0,60.048756,3.0966304568387133
2024-02-04 17:00:00,60,829.1106095255521,307.0920775533041,0.4851771064378946,4.714173213060537,120.53592976936744,5.42484026595705,0.6411613786316107,65.7081787267849,0,59.71911,4.916094406267134
2024-02-04 17:01:00,60,889.6873563321017,293.1581440785235,0.4212463913545585,4.171739176734955,116.43343401970635,6.000009169112677,0.6565225371812656,56.18516630353776,0,60.596306,5.036252537248473
2024-02-04 17:02:00,60,730.2194545079196,285.8634001232631,0.4067177094485324,4.088451112609986,127.64434923278549,5.41753918693913,0.7324629931399239,59.71386788262867,0,59.20006,3.8252284745082656
2024-02-04 17:03:00,60,853.1006919783946,252.8247316677021,0.4526777770945953,4.745706026019727,128.44052504260662,6.251575420473476,0.6657112136169424,53.26218654822464,0,59.731846,4.70851082722968
2024-02-04 17:04:00,60,857.8730231679638,266.41886154324,0.4977470310098558,4.659432918127788,123.83529146632758,4.793664246400886,0.7169485342116207,56.62561908401174,0,60.042377,4.731167056484511
2024-02-04 17:05:00,60,798.2688085297018,299.839794385658,0.4049887189910265,4.013916678876285,126.3669659917658,4.875046261798546,0.6528791326883691,63.46910165978879,0,60.049393,3.8848137670880747
2024-02-04 17:06:00,60,707.6723334732262,254.49924795212485,0.3788767052181565,4.657944141359926,120.29323289261724,5.562237811446365,0.6295549213493398,58.06167949152224,0,59.516518,3.7726492328424213
2024-02-04 17:07:00,60,742.4916031417645,290.9626169776337,0.435851326077065,4.383009849139566,120.24828557824613,4.741838572615698,0.6772744197433003,65.93645905439858,0,60.301624,5.157972445588716
2024-02-04 17:08:00,60,765.8121568156841,281.3665870656204,0.4833945669491165,4.747119351568566,115.27799458525656,5.573861730870761,0.6860666883884551,63.6690867781144,0,60.059433,3.994758497833406
2024-02-04 17:09:00,60,897.8568666489072,305.0161087159404,0.4613381106254074,4.1970786723686455,121.81126034495706,5.596987359401476,0.6714368539823499,59.6350546610952,0,60.859825,3.2180797536005876
2024-02-04 17:10:00,60,729.7447573899314,254.59976617547937,0.3851922540941755,4.058053373837684,116.76755645587482,4.568816639265169,0.6593107844956311,55.975900629750896,0,60.025646,4.081608062308352
2024-02-04 17:11:00,60,786.3283224218378,257.1139905632511,0.4153036268906978,4.542977493022985,117.26741077123916,5.006115057894789,0.6585485158224545,56.71891336088601,0,59.815807,4.331474010674265
2024-02-04 17:12:00,60,753.1790253044627,283.5895738722744,0.4792913436895767,4.532846952070178,120.78246061487326,5.169928076944361,0.6289300631132052,63.3437091340806,0,59.964207,3.593336226942953
2024-02-04 17:13:00,60,816.5462136832928,276.8099682140538,0.4217321902182996,4.546108503394143,121.3724700014304,5.552819479428709,0.675997928639527,56.9018037233892,0,60.302803,3.0350580460209553
2024-02-04 17:14:00,60,816.8984513611855,301.35125374043247,0.3953791019514719,4.7690526890705325,122.77321045149571,6.145932105843721,0.6160169991930416,61.695022019431725,0,60.102184,3.3487057017974595
2024-02-04 17:15:00,60,798.8536911590721,301.80611311463423,0.4876403565295327,4.54673520850722,125.44536541510944,5.558746777142507,0.6559002845764342,64.40495711491215,0,59.49854,3.6035874927985327
2024-02-04 17:16:00,60,756.8097925091645,261.6211723555867,0.4743447974426024,4.740389403886854,122.75580214538418,5.623653409599254,0.6283905654625893,58.85648572546945,0,59.517075,3.1205555689091047
2024-02-04 17:17:00,60,724.8064397314013,252.61593380597867,0.5034636217898282,4.135424626108105,123.58301284575984,5.228139238712582,0.7313755193012195,61.132672512751824,0,59.85822,2.85818968880417
2024-02-04 17:18:00,60,817.0754686998799,280.48641866252854,0.4473252940318241,4.348073837249235,126.18868138355153,5.187585765959928,0.6887059987236379,60.47138866580481,0,59.89832,2.0298661065721983
2024-02-04 17:19:00,60,771.7048014301623,270.5757315556419,0.4304884896636534,4.103126726914698,118.9177734984376,5.583581382435868,0.639216933402203,57.9882834393613,0,59.646103,2.481663218742851
2024-02-04 17:20:00,60,831.8843907131406,303.15404588586773,0.4211597459188425,4.6621838819124255,114.17881191758111,5.579203398903307,0.6963610401233125,63.27063164825744,0,60.03848,2.0594601345197705
2024-02-04 17:21:00,60,883.2996317587018,309.12711154457656,0.4683262770386049,4.519241690284074,119.88803889753892,5.333846690771866,0.6974753515534506,63.967281948956256,0,59.953785,2.380022573433348
2024-02-04 17:22:00,60,720.6441432294695,278.1054276499907,0.4907178101700375,3.9894099248562047,117.85890390593448,4.9698385543445855,0.6586934695166042,62.64768395667541,0,60.561935,2.4386006968188
2024-02-04 17:23:00,60,841.3039591242632,278.30411197928845,0.4119287802360504,4.477310493411234,115.10944840759936,5.438907938053552,0.6361935581814823,56.19225598650037,0,60.27248,3.4887609469932985
2024-02-04 17:24:00,60,773.6660921631918,283.470420708324,0.4269626584380247,4.842337724701495,121.51205701613556,4.992535368920583,0.6820999323442978,63.14510320253085,0,59.812088,3.1947061753205555
2024-02-04 17:25:00,60,783.9162214147906,280.6608821336341,0.4680967225583279,4.192752469026816,124.22237991411916,4.545801271989943,0.6689429657674417,63.99019224065028,0,60.28285,3.289796686310565
2024-02-04 17:26:00,60,866.4459306317414,280.23647149530615,0.4366830097057118,4.358031041597392,123.44889468586258,5.540224909330368,0.6478284041693844,54.09337794162787,0,60.009018,4.533478125618947
2024-02-04 17:27:00,60,793.6248392614831,257.30168538143147,0.3934608038764612,4.4969970848313725,124.71480625681656,4.847469230305608,0.6636424490178496,55.965921507710185,0,59.91101,4.547731519887152
2024-02-04 17:28:00,60,848.3139195871504,296.9244683388709,0.3962278736362582,4.047349579439673,119.06180847988308,4.65158048850315,0.646283498839749,61.39987717160393,0,59.23631,4.431135182847399
2024-02-04 17:29:00,60,836.5737754105194,259.37887487314634,0.3966998590790628,4.396171376529652,126.14125418344604,5.030324998754162,0.6184429880577095,53.51363603341552,0,59.72919,4.6570679872998255
2024-02-04 17:30:00,60,731.9141867706934,297.1181415962177,0.4757423769814259,4.686879471909564,124.53032428561862,5.915718692077784,0.6311091523821923,65.91993894639104,0,59.810787,5.330380602578148
2024-02-04 17:31:00,60,850.6025441085015,293.6492933593525,0.4688844518315765,4.091963489143759,120.20481001180389,5.215956912609434,0.681421152718608,61.385468475177504,0,60.30855,4.914585518999696
2024-02-04 17:32:00,60,825.9267083544092,281.45522894339007,0.4133301233071111,4.2331053213371765,125.63104574727116,6.234745726297389,0.6711723216594677,57.40861330320935,0,59.72132,4.682021797401777
2024-02-04 17:33:00,60,815.4728594038166,255.66031946928413,0.4451173392066355,4.312805812058866,118.03300180733272,4.89231362219424,0.6555630769024833,56.30214968270469,0,60.065125,4.833293287160146
2024-02-04 17:34:00,60,847.2316414289943,262.46317069902625,0.4191727646122548,4.66240525701912,119.9804710682077,5.183589391300604,0.608790652559105,56.70967879346831,0,59.934128,4.097146668030292
2024-02-04 17:35:00,60,869.1293003745529,275.54241896964805,0.3700210452851618,4.795669023977515,124.57169670446844,4.834399405018483,0.6783001810111684,58.09482312550261,0,59.796726,2.0227320751158104
2024-02-04 17:36:00,60,705.9740118623935,304.9262929403301,0.407428505541793,4.653208022788272,116.97519283680062,5.833943396999307,0.6337948467209529,67.58497356172674,0,59.45721,4.7258726833205955
2024-02-04 17:37:00,60,851.2007869661728,290.6754298209676,0.3661207844788773,3.98045100727694,119.88283330148066,4.356534765070862,0.6472878493622602,60.01888857708517,0,60.20051,4.61870207099942
2024-02-04 17:38:00,60,796.4926311618129,293.2183876282308,0.4748416243762784,4.394453584001452,118.74733953419636,5.609356938747566,0.6638691621084547,60.62126180871497,0,60.091953,4.199355097302119
2024-02-04 17:39:00,60,757.0272696647402,253.8666940672361,0.4300050425895855,4.224768145948978,115.61316274792384,5.238439972465086,0.6769103603984041,59.4906963660664,0,59.5783,3.7099366782079928
2024-02-04 17:40:00,60,819.888333489495,292.70615388113873,0.4166556102174577,4.516570916489842,122.32139856901088,5.350808439896409,0.6990962643193219,60.34619559255283,0,60.108875,3.365195701274163
2024-02-04 17:41:00,60,755.7269275217483,265.24061696111875,0.4216782189050041,4.674480550736557,129.17419950913376,4.858398474444551,0.6758687307755821,60.5069080515754,0,59.769753,0.45521662151675224
2024-02-04 17:42:00,60,840.6824509348921,284.61160504603686,0.4144559799646085,4.6209481601195534,116.97672313201788,5.6184700225551145,0.7008171181755736,59.981503988991136,0,60.25119,0.4591591022504896
2024-02-04 17:43:00,60,750.0242686046527,272.2396719879434,0.3997882963951001,4.175481497954359,123.83768823938696,4.818569882003749,0.6601156204237338,60.16531559057561,0,60.10236,0.3923414277148414
2024-02-04 17:44:00,60,778.2203230148453,299.6263020418596,0.4882396746440592,4.656337600523426,117.39558990204532,4.944480951782533,0.7107461952222408,66.17475471905408,0,60.32412,2.6569189690530877
2024-02-04 17:45:00,60,832.2356741261827,286.55867757985385,0.4055242976184867,4.268240860091127,121.55670079751889,5.026920566239792,0.6484357946688446,59.61318758008657,0,60.008533,2.7505828705316273
2024-02-04 17:46:00,60,823.2535469488706,309.409869113919,0.4025991405307114,4.146627498970742,120.62300675361014,5.104030069382164,0.6698168967182734,63.60482164662984,0,60.418694,2.876582146083197
2024-02-04 17:47:00,60,808.7095360015539,256.13963934586627,0.4366623683812667,4.143150799262666,125.53228292493694,5.111043772340535,0.6407884539865626,55.345100421453736,0,60.139385,4.127927548548685
2024-02-04 17:48:00,60,729.9906602044409,298.1141350194777,0.4825238810899857,4.654305757691214,117.56442682444442,5.7587425065006,0.6503383932134377,64.99552861469999,0,59.76303,4.442622177038196
2024-02-04 17:49:00,60,723.3374927566383,267.3395672109741,0.4252869396422558,4.346467250286194,124.09532395957244,5.606777700225388,0.631038369458976,58.402360776017154,0,59.721516,3.922725673024403
2024-02-04 17:50:00,60,806.6227035039706,267.15175502203573,0.3814735817767197,4.159520037993312,120.10409735945576,4.818592950386576,0.6784092442438083,56.29526119830503,0,60.14136,4.345325811925472
2024-02-04 17:51:00,60,768.1424494446824,284.5954938283966,0.4139676440286269,4.802906307232701,124.76423372852436,5.31953890167294,0.6345783443949343,61.38623626710197,0,60.303577,3.945431841019079
2024-02-04 17:52:00,60,885.5336862864399,261.5579873333217,0.4819302841917671,4.365520436475111,115.99600050890557,4.683995801224343,0.6772813819329035,54.33319200147866,0,60.392143,4.214804982213483
2024-02-04 17:53:00,60,859.436841189493,277.3137004886658,0.4604482282700839,4.36500795594347,117.66521066088544,4.6675436679314455,0.6340228240225878,56.63986193193066,0,60.255177,2.6503644988073263
2024-02-04 17:54:00,60,825.1202610660276,279.0451263873213,0.37735405233207,4.176735673980483,127.72816611314536,5.886331639375089,0.6762331918877492,56.68995838886416,0,59.764565,2.6004652516866416
2024-02-04 17:55:00,60,811.1437459561629,280.0182746114335,0.5010217278834569,4.515921844563181,124.89744182652367,5.305504301245698,0.6681145270960891,59.292592024116544,0,60.400692,2.7202553727958407
2024-02-04 17:56:00,60,736.409204327003,303.3694194357098,0.421715787919748,4.566007274673583,124.04588806724134,4.580598074270722,0.6040805350266646,64.06822524491486,0,59.9375,3.7180697896582964
2024-02-04 17:57:00,60,739.548146901362,302.8100745573838,0.4058065101670579,4.497041999846332,117.62418145760196,5.828238232088494,0.6790690035016906,62.85293429013979,0,60.01761,3.4422142121832993
2024-02-04 17:58:00,60,864.6307637121314,292.4238044465427,0.4245978569140244,4.056488123529425,124.71979229536866,5.263223696679117,0.6574058391790938,56.97093014912349,0,59.80092,3.365955041289511
2024-02-04 17:59:00,60,806.8373667195535,289.1025016363156,0.3972723914757958,4.56694197303719,117.09857196521422,5.152300601678516,0.665611801330487,60.42333015523342,0,60.264694,2.825820208911395
2024-02-04 18:00:00,60,792.3049276882837,251.6808005997661,0.4189883689038751,4.5068305526279735,125.94149716276314,5.379155503398572,0.6568602607027476,55.79650539323479,0,59.87042,3.595518903686763
2024-02-04 18:01:00,60,893.4267602579362,249.5477247894025,0.4262353240252835,4.082369279917299,117.4286475468022,5.777559892320812,0.6984174835591942,48.85198428609439,0,60.1736,5.3341648175139875
2024-02-04 18:02:00,60,860.9877264127902,263.7981794858483,0.405425580839751,4.4080792869521686,118.1984406918686,4.396897257737203,0.672199225248436,56.56861617129086,0,60.051224,4.23030014530919
2024-02-04 18:03:00,60,760.5085035810628,251.7646470456445,0.4400181282647634,4.26053177697368,124.07900164483694,4.516742460345496,0.6333438449287917,57.53546989943444,0,59.6498,4.2792100413196135
2024-02-04 18:04:00,60,729.0511267492312,274.1931405937357,0.3918472422678323,4.507328831500108,119.78855981411354,5.582808884448198,0.6909348328996563,61.11077912991498,0,60.01273,4.470258935484579
2024-02-04 18:05:00,60,853.5105555665573,257.1804614343464,0.421288030525741,4.366833049919133,120.73645682596532,4.946615723572767,0.685357393880468,55.60013298987543,0,60.495213,4.473055376795369
2024-02-04 18:06:00,60,800.4618168946287,287.85570890522933,0.4765687457766616,4.337980317008998,114.70435792390208,4.783367489182711,0.7154016248371842,61.54346620689116,0,59.393703,2.6992887136216774
2024-02-04 18:07:00,60,785.608004431539,260.0096900168196,0.4042313427895366,4.624236768386497,114.41189239286186,6.151940647982154,0.7034540829621992,56.032131481215785,0,59.780224,2.8025360805909862
2024-02-04 18:08:00,60,739.4761373641387,267.00303169603865,0.3723222472948405,4.522245594922016,117.38302780611974,5.35812197577795,0.6789840855784257,57.53013450587927,0,59.540024,2.8029315902515988
2024-02-04 18:09:00,60,738.6922193073601,300.4602577486203,0.5009865383913849,4.471863198957639,118.40820145358757,5.250238271887777,0.6393027052517334,66.70886566057108,0,60.128242,4.670585854867017
2024-02-04 18:10:00,60,869.0149904118286,268.791560781826,0.4503585408231202,4.114773314338284,122.1817452094092,5.477855930281647,0.6974920055308472,55.13395609488376,0,60.052086,4.771045514662511
2024-02-04 18:11:00,60,743.8409758337443,277.9151004422941,0.4771383162058895,4.4019138578051455,125.17259973322416,5.535490730365178,0.7171956930382234,62.75962778233038,0,59.859962,4.936430126014287
2024-02-04 18:12:00,60,906.7208059428674,269.1914785861649,0.4896932038477984,3.938201666493641,127.14183426402236,5.544967507928194,0.6994819293991247,51.41186673870396,0,60.266438,6.079149870010544
2024-02-04 18:13:00,60,715.5697417525977,260.29661992064064,0.4271699189279408,4.261175218053992,121.81571590632056,4.613967920549043,0.7004620943775689,60.38546518754468,0,57.62922,6.074847917002837
2024-02-04 18:14:00,60,879.2214858305219,270.5102650068491,0.5018753855128971,4.437346068137053,121.96407115167708,5.395260167666941,0.6312828004792079,54.696273212333885,0,60.950138,4.598262975874022
2024-02-04 18:15:00,60,710.0094124667656,303.90758025929847,0.4446630692919552,4.1492677358221455,121.9167911843242,5.449529112040902,0.7133327500833463,68.7946298835756,0,60.086494,6.82336109485915
2024-02-04 18:16:00,60,832.3430216909396,276.4213950320023,0.3917543162292528,4.379986832870421,116.22962453994688,4.49614107937971,0.6144355634267885,56.14321781852939,0,60.260277,6.700194356573278
2024-02-04 18:17:00,60,775.9762481544299,277.13479250853203,0.4432894030985801,4.495900941933118,128.8306193747901,5.066654724438558,0.6341320643548198,59.83246301007864,0,59.84338,5.489127334645864
2024-02-04 18:18:00,60,849.3073266494553,293.3682450532461,0.464129886175342,4.334718050750749,123.4814431466798,5.049116573794717,0.7057051009027622,60.81370677045859,0,60.125343,5.500551704138761
2024-02-04 18:19:00,60,809.8058678376885,271.1407742870118,0.4684231996110344,4.173492308703617,119.74039961362963,5.391855817534595,0.6410567563426102,57.65543510399267,0,59.172913,4.906848399826311
2024-02-04 18:20:00,60,720.9389380455538,266.8880707984453,0.4901343758486294,4.146403944461828,124.92586118770257,5.741629604543608,0.6505389966474956,59.74575788247645,0,60.27759,1.8958315435695887
2024-02-04 18:21:00,60,881.035419877466,297.1621827906238,0.5021702361875098,4.400274374341414,117.64180043268428,5.472733757337165,0.6735007168072716,61.774860866608165,0,60.564045,1.5326138755569632
2024-02-04 18:22:00,60,768.4361525234256,297.174741587093,0.3905825349118692,4.128449311886708,115.61935569505935,5.089245866593016,0.6253310986656837,61.63176167223345,0,60.255215,1.6963676380963928
2024-02-04 18:23:00,60,880.4510038493386,290.7071791797077,0.4137791115114386,4.031145926668658,120.49138500059858,5.393026024377413,0.7179269481196416,58.0905361575678,0,59.689518,1.9220904778269878
2024-02-04 18:24:00,60,887.8647010292757,275.0003885699741,0.4419729530917594,4.0116622780173765,119.1356755697224,4.587921026248607,0.6300201814463587,53.907700542318025,0,59.074158,3.2379112978972433
2024-02-04 18:25:00,60,774.7496716101698,285.53915873742346,0.4074034564219031,4.218513699364,123.5402085295682,5.394297332218326,0.6688365080516493,60.975436907765705,0,59.63731,3.350595770251891
2024-02-04 18:26:00,60,716.4579202951791,250.65340443983985,0.4910861344360016,4.424305923869391,123.26185801372556,5.255035523335468,0.6835300085686432,59.22382510207232,0,58.886635,3.056269382333985
2024-02-04 18:27:00,60,888.1610793032933,301.4113589633155,0.4006778170217079,4.23907988847591,115.71603533745449,4.962410645700796,0.6190762502315773,57.42739267766887,0,59.34315,2.617528518067442
2024-02-04 18:28:00,60,710.2566245885743,294.91042801719027,0.4088776320814826,4.116316208763923,118.12511230188564,5.638006490485185,0.6897739438310898,64.59787371886836,0,59.781147,3.9823629262121423
2024-02-04 18:29:00,60,711.5813171748787,293.5622546305984,0.3922075337954948,4.545736664724461,116.79705183370804,5.485194787245452,0.64288522888926,66.24008910768029,0,59.90594,3.6715609059075374
2024-02-04 18:30:00,60,717.2422807114641,301.98404356780225,0.3989321815201515,4.481547690935524,115.544088717026,5.532603636184329,0.6705300530061418,65.43940772115917,0,60.81424,3.983007276004852
2024-02-04 18:31:00,60,892.7535281799421,291.40981878779166,0.3850022720822907,4.6138349660963085,127.21122444790888,5.098525701697567,0.7033598764835607,57.54709711738127,0,59.72772,4.3869260284329
2024-02-04 18:32:00,60,807.163658294927,295.3815021890822,0.4367077383642707,4.245514454121737,120.37040777909512,5.9525726723516925,0.6847325659763349,59.83334883574143,0,61.0088,3.821113254403384
2024-02-04 18:33:00,60,728.1198634924596,260.48405078480624,0.4227460390288121,4.5469024967036455,128.52827725928688,5.138366298672626,0.6465741427402825,57.82320984683574,0,60.000134,4.17831398233777
2024-02-04 18:34:00,60,828.7377874216821,293.19557191165137,0.404426884479416,4.278421402995331,122.05908590643072,4.603042462235554,0.6345866900986012,60.14747035626895,0,60.349854,3.1728077326800848
2024-02-04 18:35:00,60,892.6409482997999,266.3899132212913,0.4927025288425385,4.685627418433551,118.81870882926324,5.594840624696282,0.6356858865766637,52.67864376311047,0,60.313038,2.9895502818221105
2024-02-04 18:36:00,60,747.2020955298946,286.7409399049098,0.5078687185630082,4.109295612846934,116.96039563176846,5.111108888475268,0.6664702309985009,62.34494520085731,0,60.316433,3.66061292435092
2024-02-04 18:37:00,60,851.0806590299286,277.7651043049673,0.4617975731772555,4.68515746494122,122.0146244341346,5.564839394025467,0.637701177219878,55.03175930439378,0,60.55312,3.8687661080806666
2024-02-04 18:38:00,60,866.285604391253,257.30452230430683,0.4184191428797847,4.0137516985114345,124.77800121173289,4.892295909231972,0.6466238133478691,51.93754619448485,0,59.894154,4.6102070416002485
2024-02-04 18:39:00,60,770.4076090670259,260.8020278689553,0.4324928253048475,4.402837033915352,116.67272691780626,4.536408839903438,0.7129351527986737,61.78085467680925,0,59.619526,4.982489390402742
2024-02-04 18:40:00,60,709.2329317712138,289.9881502908707,0.3977657155671619,4.640673267158652,122.1853188641992,5.989694650931384,0.623352089852649,62.444972283232886,0,59.68879,4.898687540771049
2024-02-04 18:41:00,60,796.438116207037,290.82072876500337,0.4815014376243508,4.414251841805458,117.87630192579536,5.096996492568136,0.6795713436022297,64.84530630040766,0,60.30887,5.458417305473525
2024-02-04 18:42:00,60,871.449605876201,282.1049489047426,0.3941385326810139,4.459079998231435,116.71661380822572,5.277145570838057,0.6724219863665457,58.67701071062992,0,60.156643,4.983975067212587
2024-02-04 18:43:00,60,858.3621840052739,282.27769625083647,0.4231819378091798,4.019799955222812,117.9287481482602,6.097765060461842,0.6433320853340384,55.52900000771712,0,59.600937,3.613119602578587
2024-02-04 18:44:00,60,880.7776772352099,259.9728745000389,0.4389276175080465,4.326632354328832,120.31962271082104,4.786900209925547,0.6810478327341898,54.288345240135925,0,60.538998,4.479513453183539
2024-02-04 18:45:00,60,830.9642943723193,293.11440351415644,0.4252071442229828,4.55139009186281,120.354495595796,5.114994000070364,0.6992190799519983,61.77165180937491,0,60.51271,4.364602929756627
2024-02-04 18:46:00,60,842.2132081557791,255.54009038374028,0.4007293929785563,4.415723646754791,127.41221813925404,5.658279965631238,0.6590417585431556,53.1525950102134,0,59.60391,3.5142673542556055
2024-02-04 18:47:00,60,845.9230891735001,306.73698291185974,0.4908558733938085,4.330826455323715,114.28412380859228,4.742391686437231,0.7031747664459839,65.72427117246458,0,59.054516,5.413544909739795
2024-02-04 18:48:00,60,845.1248914965095,287.3285984277575,0.4831271018373014,4.597875710367037,125.1414440914562,5.63801732701011,0.636187072884372,58.6233638490948,0,59.837387,5.220559783757853
2024-02-04 18:49:00,60,847.4725974478365,266.4656131433423,0.4322506925245221,4.766193608499322,123.36151578753125,5.527037335397324,0.6144638546864762,54.40943041989871,0,59.67969,5.195127959388509
2024-02-04 18:50:00,60,802.4415666736052,284.6788189232072,0.4005671489607929,4.377132964771007,119.97693845275462,5.4343061613238985,0.6967035697819011,60.52013094502353,0,60.393547,5.040157621864767
2024-02-04 18:51:00,60,729.2615291121126,270.695430518608,0.4515862810894316,4.5848721506181285,119.63511239148552,4.774187902869739,0.634230972125301,60.88846267361996,0,59.60622,4.0917993998932
2024-02-04 18:52:00,60,747.7886648756283,253.3164554430988,0.4419851241511405,4.816431721315421,123.71390436093844,5.740946303826332,0.6763496663779441,58.838978369366735,0,59.684708,2.575207425801893
2024-02-04 18:53:00,60,832.0372553937117,286.16621459640726,0.4817456685784911,4.646530569340874,116.44351764113532,6.190381832686814,0.6893456664911473,58.40661187002421,0,60.227337,2.577718852752113
2024-02-04 18:54:00,60,808.1951457046141,271.1181857775711,0.424197335152833,4.340623575013204,122.38929326287396,5.610471888914998,0.6542040467144494,57.53796412449188,0,60.058304,1.4237654597333578
2024-02-04 18:55:00,60,759.6905029612092,278.79150787370315,0.4643968839538477,4.247179186133899,125.89153503730982,5.460691890189574,0.6904080255319037,61.47904968095576,0,59.988995,1.6809333214720161
2024-02-04 18:56:00,60,824.5444707470976,284.6889823260641,0.4562229975928493,4.470019068102375,123.46359996667084,4.571530208921049,0.7160261543109,61.56896231327246,0,60.551903,1.8477883685415557
2024-02-04 18:57:00,60,765.3324579027814,268.16340750056986,0.4842468492084182,4.4719876987785225,118.50600636692128,5.777461783121242,0.6226942602361173,57.402083085026206,0,59.889183,2.085619215519612
2024-02-04 18:58:00,60,875.1148270211438,246.00526136891645,0.4362218659732306,4.689808464505131,117.88698608489018,5.548852975632178,0.6697720492038864,51.16055283325163,0,59.933247,4.243975898792979
2024-02-04 18:59:00,60,863.8297962599545,266.1208777218887,0.4052704531625384,4.64383275060684,122.72333443423469,5.26519367441212,0.7237300750916089,56.54636338788357,0,59.970276,4.283998097318278
2024-02-04 19:00:00,60,721.2030481077909,266.53333381733427,0.3848226924230894,4.270569479459466,124.87921086296453,5.044462233881766,0.6352978174105824,60.014712328143126,0,59.998264,3.9955437120590234
2024-02-04 19:01:00,60,851.3835264191866,273.5591969992721,0.4638844626190959,4.635328290612765,125.94197932365262,5.30633738624539,0.6297290003876852,58.0944649553914,0,60.323578,3.321067796050258
2024-02-04 19:02:00,60,821.48326301823,301.2817721299165,0.4770908800567186,4.718234291139227,117.37632903468388,6.204600055042069,0.6975981856153668,62.35402635354435,0,60.23526,4.220395110680479
2024-02-04 19:03:00,60,767.8021216776739,273.8045824910039,0.4490410213443009,4.145908007188779,116.0754463293201,5.497676340785937,0.7019266914707095,59.14614537579472,0,59.83854,2.172192698127535
2024-02-04 19:04:00,60,771.4668103246572,256.3915064125098,0.4126444047824432,4.563527932231464,117.8179551258726,4.74648390166116,0.694370330151525,58.28923073602838,0,60.632416,1.7281005549431316
2024-02-04 19:05:00,60,775.5951266307129,307.2766129032444,0.502410491544665,4.541474499463262,125.9830298177996,5.500209657682863,0.6674395048736766,65.1723791990969,0,59.836506,3.070573275981057
2024-02-04 19:06:00,60,712.6892859857102,289.2762593348906,0.4730945573790147,4.274331741346543,125.158452297406,5.492171071725271,0.7200758393707904,66.38093554841254,0,60.03066,3.568460367070796
2024-02-04 19:07:00,60,742.1445556694106,270.4384003903899,0.4174386559799823,4.235326053848298,125.54360337458496,5.264644624637405,0.7128499350116163,60.63859482120272,0,60.48258,3.639935496586589
2024-02-04 19:08:00,60,764.5243881960791,300.39975288231113,0.4873418954989192,4.674077768229761,121.26131346983918,5.246679565122267,0.6633296410189702,64.4324405688239,0,60.888386,3.3899826833834457
2024-02-04 19:09:00,60,840.7647482724501,282.5046124472417,0.4830114166713611,4.390870778752622,116.755214319054,4.83050121658441,0.631341482789451,57.44684125327251,0,60.17015,3.6892787895847508
2024-02-04 19:10:00,60,770.4593879696574,289.47844879471234,0.3879759696974231,4.225426465241264,126.17412150247831,5.057748085408461,0.6467988604916457,62.02315969943777,0,59.79664,3.4469033919031538
2024-02-04 19:11:00,60,743.9324992675861,312.51955026552145,0.3902997509109457,4.37768497533752,125.90467376075638,5.295229827705592,0.6966866676437223,69.10601380879372,0,60.1829,4.368558670085654
2024-02-04 19:12:00,60,821.3142101405001,266.38527744395515,0.4396040127694506,4.774575456149791,116.2391674463527,5.449227412762802,0.6302821433723806,56.60010847628309,0,60.22144,5.154419810363012
2024-02-04 19:13:00,60,780.902429004587,280.9501411695343,0.4190650620320698,4.723233915738474,128.30548092594077,5.350728422693751,0.7152566504151345,59.7346912903097,0,59.776997,5.008435720372746
2024-02-04 19:14:00,60,773.7359603785181,277.2418945017929,0.4247304885775497,4.599788500417635,120.2546652367372,5.078912060525368,0.6476596924711301,62.13915050557776,0,60.214664,4.603647503812956
2024-02-04 19:15:00,60,800.0322802389057,256.5810477641997,0.4308385343776652,4.794818455639323,115.23923730649736,6.041086258441429,0.6828435246084648,58.368935155429234,0,59.74441,4.865891376680812
2024-02-04 19:16:00,60,780.0180060650373,268.169131992609,0.4768681722401214,4.174471712306237,127.52146526530257,4.653930154082179,0.6558339408751175,57.7981432674087,0,59.647884,2.119578193827772
2024-02-04 19:17:00,60,721.1725401987851,301.0653280834806,0.3770581934821653,4.527303540002022,127.37571688100698,4.43681570905954,0.6834554394182148,68.41988727347966,0,59.605976,4.321486844920649
2024-02-04 19:18:00,60,815.2896154357502,259.4897442662058,0.3981827427018454,4.780962368847771,118.45769105617144,4.50101019886722,0.6889483460186069,56.7970982405846,0,60.442696,4.763270511451596
2024-02-04 19:19:00,60,888.5543632137804,244.3439015961219,0.4305718764109391,4.199513321191382,125.02815359881562,4.674487417894364,0.7311698349431831,49.24693670889684,0,59.506184,6.832539193810156
2024-02-04 19:20:00,60,792.6266331477424,259.358967635147,0.4084105047468778,4.301622824163219,121.0854322291119,5.2612391430972485,0.7193952304044193,56.51617587729044,0,59.74978,6.866241361725852
2024-02-04 19:21:00,60,755.3589195811398,286.6587077950029,0.3885653592098079,4.543375022643864,124.72954044015192,5.382516215952916,0.6514899230090532,62.29824472631321,0,59.092144,7.161778337642615
2024-02-04 19:22:00,60,878.4582373195647,250.57562124629672,0.4189646873768644,4.511672193721484,116.42255970539462,4.803022090163063,0.6638699113719287,51.17773312188324,0,60.48062,5.154741782763986
2024-02-04 19:23:00,60,876.5731538260194,260.75025878720976,0.4747117395275449,4.763407233254433,120.22611718023728,4.71128413239122,0.723132843707361,56.81592668013493,0,58.697548,5.156200252629011
2024-02-04 19:24:00,60,880.5054268871758,271.75087487315955,0.4212430799562289,4.5146558493264175,122.26443713283037,4.857496718075327,0.6660431624895514,55.34870232645749,0,59.894974,3.9795780137284873
2024-02-04 19:25:00,60,821.06095979015,280.9267810537199,0.4332947061360092,4.146861782048419,119.47717242080525,5.020002750012161,0.6077461826693641,58.37104179224151,0,59.93727,4.074777407751579
2024-02-04 19:26:00,60,761.3467479114546,271.8689951665027,0.4339540078431786,4.589905994499131,117.85643238374014,4.969866899690025,0.6203074223619267,59.50342916247028,0,60.14988,3.2382055747664653
2024-02-04 19:27:00,60,715.9926867900801,302.4802826601384,0.415954638928964,4.757199449311407,122.76555203418457,4.349825186385664,0.7230149246256851,71.79734407399664,0,59.08487,6.579813869997778
2024-02-04 19:28:00,60,777.174960652064,295.4903312193838,0.4162534494554861,4.4941293638619015,116.26970987160108,4.991835514528119,0.7128530306137425,64.75958340527383,0,59.331497,6.4659791351116045
2024-02-04 19:29:00,60,772.4719976235612,276.3104349924928,0.4559961899244424,4.6424740692026605,115.3500644600835,4.882126037436818,0.658429862881624,61.19077790209106,0,60.52783,5.416145357834575
2024-02-04 19:30:00,60,736.767278577946,274.57009155006926,0.434280618328156,4.105305970338745,119.4337708997368,4.830846812553942,0.6365070654340838,63.38218921135351,0,60.662575,4.737823604392029
2024-02-04 19:31:00,60,824.2985705023763,268.3458520638376,0.4466901012799789,4.366404938031868,126.62795647099188,5.6959121866974165,0.7183104054442511,57.60397449129064,0,60.544567,5.249702023281244
2024-02-04 19:32:00,60,847.9429055168381,266.47381931067963,0.3822648366583216,4.533032360913944,117.19773113952311,5.472872246355496,0.63503672622758,54.59266127053973,0,60.44109,4.183998037258001
2024-02-04 19:33:00,60,782.8998804493407,299.3591990983785,0.4017943274762224,4.815614088260242,123.84332322780338,4.731340709280261,0.6828479670997749,65.85521271706139,0,59.963547,4.492855184366595
2024-02-04 19:34:00,60,895.3812422328556,268.6216710542162,0.3889451544727783,4.224392964548897,121.89944920604538,5.946977528006722,0.7109924292981542,54.858100846797846,0,60.360157,5.108631171200315
2024-02-04 19:35:00,60,852.679118293637,279.57105528916344,0.4826739331012816,4.584363807830463,122.33552306797156,5.407885615259891,0.6586132049972494,60.58907202494003,0,59.955193,4.67967291614498
2024-02-04 19:36:00,60,826.9759680643741,258.5602831892959,0.4609332737301822,4.174591324259096,124.697208944321,6.052527602743119,0.7009672750732374,53.77134420056232,0,59.88808,5.190096799974916
2024-02-04 19:37:00,60,886.6425165729853,280.97934215379524,0.419384070584497,4.213980110215563,119.83520441892632,4.623321066137386,0.6924763779158077,58.43285809083607,0,60.31915,4.84481308603897
2024-02-04 19:38:00,60,893.5471740929034,299.74963774849374,0.4902420736349903,4.13209741925925,120.11546697147392,5.400307897245808,0.6327173577927828,57.9847201515149,0,59.751545,2.7764735227391935
2024-02-04 19:39:00,60,709.4063343656399,251.45240330119776,0.4879924755613643,4.037173278556973,125.87245831668844,4.553320008611146,0.6656496898107178,59.26418917944808,0,60.273396,2.5675981875553893
2024-02-04 19:40:00,60,897.4444632570576,298.15970590585897,0.4827291167562534,4.579166148118269,117.98891884432597,4.364992179921832,0.6525547736526743,61.714116160376086,0,60.32248,2.880515512284509
2024-02-04 19:41:00,60,815.7783819447093,294.7194659143081,0.4417147946033537,4.111819830012776,119.0931811609198,4.900740359809045,0.6917158413091382,60.81501807988334,0,59.772167,1.5827964417864757
2024-02-04 19:42:00,60,895.4067521896943,283.9027823860491,0.394124593883877,4.750945420474244,116.8669353945034,4.733368127927416,0.6317235075772443,56.79440625500591,0,60.500317,2.008197595659027
2024-02-04 19:43:00,60,730.7702143341461,252.69407346617388,0.4381098370870279,4.27416324240117,125.3596474201541,5.2470679278355945,0.6633005330492392,57.988474162963534,0,59.566547,2.007576752251004
2024-02-04 19:44:00,60,741.8052366445578,286.5926934522983,0.3878669737264462,4.136256824268803,115.95702483091858,4.872979908584499,0.6388702883493624,64.04562676332814,0,60.41536,2.9121716121964454
2024-02-04 19:45:00,60,750.4109412599278,289.1726046204037,0.4845447958824055,4.5946537803363805,124.66766076729968,5.570435839412362,0.6622568804401111,62.384292000718965,0,60.403534,3.0089806249514153
2024-02-04 19:46:00,60,698.3056294408659,279.5601559964707,0.4054403331772883,4.337740520680609,125.72420989646018,4.760408743045232,0.7262091769719643,66.51303486820173,0,59.56775,4.0882738577672075
2024-02-04 19:47:00,60,747.6201544598756,298.38518457770414,0.4696847309827198,4.443518426410105,122.26325771497012,4.569381026899847,0.6601751546248675,67.12989283369264,0,60.792263,3.678006079679665
2024-02-04 19:48:00,60,760.1776139021531,308.102815614422,0.4343168199314138,4.399956761125033,116.11727311086688,4.607186281189831,0.701145129805592,66.68191938710184,0,62.479897,2.048870834938935
2024-02-04 19:49:00,60,830.334017210175,296.9121722041225,0.4050289841820076,4.266097239569807,116.41112875331476,4.997329763545169,0.6173745112326399,61.85468969486576,0,60.146416,2.566682051196673
2024-02-04 19:50:00,60,807.5105297603917,295.5717913936506,0.4624082154777443,4.042335165010665,122.86634175808024,4.664437886644063,0.7216356814419386,62.12201415978202,0,60.506195,2.6330962769950768
2024-02-04 19:51:00,60,793.1279116091274,280.93872483369046,0.5000578929163699,4.729293166123144,122.98445722951466,5.658890199073293,0.6618013548555431,63.1161982684724,0,60.49892,2.536509006632236
2024-02-04 19:52:00,60,736.3864996270571,297.1742010695613,0.4148656634530368,4.361297018533457,120.0538640501615,5.59853525361286,0.6526119615136122,63.49479577703077,0,60.089134,1.9279015519879774
2024-02-04 19:53:00,60,723.9515073025581,253.4682581926301,0.497355428136143,4.518917369030244,123.34632174052084,4.485363498773772,0.701117869161979,61.30678075522536,0,60.194626,0.9054085508970471
2024-02-04 19:54:00,60,866.9791771085228,273.2684328871383,0.4671847173338959,4.711969982375488,125.26988670422456,5.017436027477913,0.6769856929557944,56.948657935062776,0,59.688824,2.6304904297191776
2024-02-04 19:55:00,60,891.8300851817096,279.820303751503,0.4445951140290224,4.218739945235989,120.87714164608695,5.215154117768369,0.7112452665141448,58.41063080824467,0,60.6711,2.886213732769051
2024-02-04 19:56:00,60,746.3913563707164,284.72890911928255,0.4644742535197895,4.145911710283107,126.62483965908912,5.031009574852756,0.7017947653691174,63.871392118775184,0,60.700836,3.0616136794699247
2024-02-04 19:57:00,60,797.386336595873,254.49148310267285,0.3914181338483746,4.778967406403368,122.31834468076856,4.738114059543323,0.7205275415696509,55.37103225412613,0,60.24486,3.4136268695229326
2024-02-04 19:58:00,60,866.6156592929145,304.55218340695825,0.3838251105524733,4.539221254514077,126.53126872452457,5.762421687331471,0.6394669729680161,61.932835905064266,0,59.98388,3.520858797716037
2024-02-04 19:59:00,60,740.2459896720326,272.6610501572311,0.4535586180228096,4.343226870121887,119.1622082094122,5.251892286117045,0.6837429810189222,59.79192677491427,0,59.716152,3.265074299995026
2024-02-04 20:00:00,60,709.5880524504112,252.42301829449468,0.4867114977896017,4.087840298081757,118.33916411711073,5.445480762997271,0.6860350626736678,59.72978306619056,0,59.55478,3.1689916438424963
2024-02-04 20:01:00,60,888.4407183833896,292.2617107869493,0.4851734133848552,4.192739314246143,128.6663288760059,5.113279733484919,0.6783043257081189,58.42369365038629,0,60.260914,2.4109316884291934
2024-02-04 20:02:00,60,804.4493956719806,279.2536742755343,0.4847464275182291,4.583468926756659,126.14846258687037,5.485361889949247,0.6979586085423346,62.1437893426604,0,59.85714,1.5902060168247383
2024-02-04 20:03:00,60,825.6014696467265,291.8732516673244,0.4524966770629638,4.353594789745912,117.13978046778534,5.7777114511298775,0.715981549028645,60.1312268936129,0,60.539448,1.3420497046176694
2024-02-04 20:04:00,60,765.1512144167285,277.0447950807216,0.3835781430471391,4.602359197178714,125.61946236696102,4.53266222524569,0.6796054245577285,61.30735677037583,0,59.61822,1.4385199873179981
2024-02-04 20:05:00,60,871.0206181720545,293.8515717825589,0.4144137450492064,4.212376285830386,122.1565862702216,6.030221766708554,0.6311638223544753,59.51941329449375,0,59.571175,1.4639435133969196
2024-02-04 20:06:00,60,716.2046899744621,251.49014095297304,0.3850999026258018,4.352473998193903,121.33826217140654,5.324564713944163,0.6205376373032785,56.459106666028525,0,59.90227,2.1824619788014155
2024-02-04 20:07:00,60,820.5641489012288,260.832309992829,0.4156724151935807,4.454675015424833,124.76836150533228,5.395237143455994,0.6752563543545866,57.11753064486674,0,60.01223,2.051211622225969
2024-02-04 20:08:00,60,869.106132798219,291.10734003090994,0.4570312475451661,4.146649313939791,117.7538096710298,5.659403686151832,0.6233063009413823,56.93298372267331,0,60.234226,2.0725386304277387
2024-02-04 20:09:00,60,872.3496137770785,264.89485404126106,0.412198174800152,4.306652672753722,122.85286041586602,5.783609095140154,0.7344654351406514,53.6246537410827,0,60.023098,2.1029006625504687
2024-02-04 20:10:00,60,804.876862496654,256.3814536716044,0.4010873561108472,4.5147486963509085,124.96339880830185,5.209308499644416,0.6735579412119734,56.67959732722828,0,59.715607,1.4406384971280044
2024-02-04 20:11:00,60,715.7637351541823,270.86421413829873,0.4382242447309125,4.29675102544723,125.76726387690456,5.9861421814034586,0.6254652512842201,59.4603884047942,0,59.395927,2.0788617013249935
2024-02-04 20:12:00,60,722.1340937274849,265.45571668564475,0.4523902126366384,4.344739867434639,125.30360619797132,4.825382987242561,0.6562848694382586,61.62313657489776,0,60.01816,3.0299144057199427
2024-02-04 20:13:00,60,733.8453669258356,298.526532910949,0.4314462985548423,3.918941311941682,121.97171708050092,4.915017131822296,0.6711468047569245,65.58027412895721,0,60.060932,4.579759334665006
2024-02-04 20:14:00,60,846.997480832157,304.25195798813974,0.513775819622856,4.369254656256346,116.05805764296014,4.728529325865011,0.6206549616934818,62.21834543292351,0,59.48237,3.3100131500984946
2024-02-04 20:15:00,60,702.8932377606042,267.66132409184206,0.4258762542293332,3.992037018995658,120.69665310744983,5.397172264906772,0.6917856974645462,59.19031387580967,0,60.241077,2.5791928712586913
2024-02-04 20:16:00,60,815.1443988262263,265.7818518862939,0.4424294315361437,4.63631738227584,125.92847009132124,4.233114998968191,0.6537581203385687,57.857174290408565,0,59.667313,2.9821199433591548
2024-02-04 20:17:00,60,860.9860271952737,247.7142866707781,0.4741841635123473,4.58012424001968,128.77602311601103,4.728598498064663,0.6235998385334244,50.94960201120996,0,59.440895,5.469970335665361
2024-02-04 20:18:00,60,701.2023373777815,308.74838000395084,0.49535180176684,4.2596165012065965,125.93834566267805,5.0279570079165685,0.6878766069600779,70.33194885633226,0,59.885067,7.049242779833272
2024-02-04 20:19:00,60,713.3437838303819,291.7291974939252,0.4534010254378209,4.069578333400929,120.4520821299896,5.619354120581642,0.667302389479937,65.53579676545341,0,59.5877,7.442509980588529
2024-02-04 20:20:00,60,889.1231822733964,300.0604045951375,0.4735152745812306,4.608613208649564,128.47191402723104,4.750273331992099,0.6637545684566892,62.95526757182237,0,60.96724,7.432807135407594
2024-02-04 20:21:00,60,764.5529005028324,280.96779280676907,0.4508283367129703,4.128451247679564,115.73749115087152,5.194208321374107,0.7127758241069686,60.22726097788877,0,59.56702,7.212656687959007
2024-02-04 20:22:00,60,851.4859493765142,253.15379329138108,0.4328651354201815,4.63852846771499,120.43690144551891,4.9577488720700496,0.7176188028406344,55.83379605387603,0,59.839375,5.459615668656279
2024-02-04 20:23:00,60,859.2672948545319,265.05402910478296,0.4476934173089749,4.760360058945315,116.49087783043174,5.382573190606868,0.6261114202046835,53.57628608495145,0,60.58782,4.933332642683292
2024-02-04 20:24:00,60,835.8234528776167,256.696662894122,0.4653711262134736,3.990933384125246,126.02843215093314,4.756477490841549,0.6823697654293681,56.878424486221775,0,59.7644,3.7073920546234427
2024-02-04 20:25:00,60,727.766251045175,254.0411824885757,0.3926769598075197,4.172184452856524,119.25310360747518,5.299678655457651,0.6524613783413957,55.82756165318075,0,59.735863,2.4225438298602215
2024-02-04 20:26:00,60,775.0710882680033,261.4871763022168,0.4443859200116586,4.299257481808608,126.91398885122008,5.347835987095922,0.6919588078151322,59.35605326356977,0,59.83913,2.0936238079503244
2024-02-04 20:27:00,60,714.0635725402607,308.19862563512925,0.4575606045025958,4.525725044436901,118.38532754343512,5.058711185768972,0.6224869236521497,69.92669240280021,0,59.49507,6.39213681225541
2024-02-04 20:28:00,60,845.8093957989944,276.23116485751115,0.4845063586519776,4.188716022148347,122.86472789828588,4.796265447823087,0.7285527023340908,59.97637104829801,0,59.789448,5.597669099451325
2024-02-04 20:29:00,60,743.8070935530138,294.3976191341061,0.4391313704215453,4.130905439642135,115.12760706469471,5.831284913682714,0.7035750783968946,64.64599475203826,0,59.80016,5.4544470748468665
2024-02-04 20:30:00,60,761.9189766869547,276.8666855158881,0.5043639121960986,4.489918689169361,120.14739872292996,5.871630635315792,0.6480194453657316,59.67035535928203,0,60.61922,4.576836262730067
2024-02-04 20:31:00,60,819.9954422779875,252.45888893243625,0.5006757704984404,4.545018837269694,117.9530802941908,5.3247966542246,0.6500162965667534,55.38970405492434,0,59.857277,5.545753186834036
2024-02-04 20:32:00,60,800.8520288438693,255.9718509851013,0.5059416189897036,4.549396195406184,127.32427655414078,4.731651715503388,0.6774303844438092,56.95485603558614,0,59.95957,3.534142262983027
2024-02-04 20:33:00,60,788.2056238694616,254.7157402691415,0.5035123075942812,4.269491606096802,122.71463480454486,5.730198669587774,0.6357778829162877,55.65090529991402,0,59.46039,3.8508003007586877
2024-02-04 20:34:00,60,865.9072580274112,274.55593549906405,0.4789985708238931,4.22282144197838,127.6611691313087,4.892238556769725,0.6879557392036955,59.16595037069834,0,60.55126,1.9727017757538996
2024-02-04 20:35:00,60,882.6918226116076,303.0027931055201,0.4212966909140813,4.235198095706655,120.45852874871366,5.028507556359147,0.6684338001730098,61.1458210076141,0,60.677944,2.4549316357683284
2024-02-04 20:36:00,60,898.714861447913,273.05669607273387,0.3967493052382788,4.196989337090555,125.63585842492,4.870572366793787,0.710787335675194,55.15575233703754,0,59.950455,2.510652333804025
2024-02-04 20:37:00,60,781.0377891945406,305.7763596899479,0.480014344816816,4.581960277061377,116.65893302162516,5.100202827102197,0.6227631524394619,65.07185116884895,0,59.889957,4.0991092312963735
2024-02-04 20:38:00,60,760.6293169439241,286.7349184497396,0.4575402650206243,4.614000128148673,126.45324593543032,5.290796949362334,0.6710962963032653,64.47258800309694,0,59.659153,4.06752514785938
2024-02-04 20:39:00,60,817.7845428359304,282.199568587756,0.4674647428443537,4.1628116612508,117.2727679195547,4.590649580329076,0.6603724606158239,58.52189901083902,0,60.258934,4.149590679763511
2024-02-04 20:40:00,60,698.4634770055366,266.3394961354348,0.4891616522247374,4.602585498051549,125.49935125202911,4.961019085068702,0.6719113010680657,63.52675984645384,0,59.98559,4.321685852777955
2024-02-04 20:41:00,60,869.7332897821245,269.75287479166946,0.3969822841441307,4.5987221262979165,116.69967006705087,5.387281654627804,0.6545429216887946,54.79179488625426,0,59.08346,4.453160795209148
2024-02-04 20:42:00,60,847.915793752162,272.66511614293745,0.4879396728257906,4.626829687975374,117.58290766929645,4.4113489625413,0.7107610723017947,60.60482590069898,0,59.77524,3.9173470809047104
2024-02-04 20:43:00,60,713.7748141403324,298.57926440959176,0.3839556475013797,4.7343060242094674,118.71005428410398,4.890268995615069,0.6997352936393546,65.67656391226699,0,60.59278,4.2540636113593475
2024-02-04 20:44:00,60,776.5858957785233,274.7865325994575,0.4560044362885408,4.183240570648677,123.70399501027154,5.492217507825204,0.6515728860086093,59.78049253025081,0,60.617813,4.134101035174373
2024-02-04 20:45:00,60,868.059266492531,308.98263914942373,0.3887667601053774,4.314522326192543,124.450745222118,4.855432875936669,0.6190754100125844,62.42032093189119,0,60.317642,3.98362011485855
2024-02-04 20:46:00,60,764.3297623821157,299.6244645787235,0.4640572713907525,4.359365186848943,121.605240152016,5.541333483433084,0.7075192809512019,63.82281799640544,0,59.99238,2.3888573051993456
2024-02-04 20:47:00,60,771.4011053924636,286.6091246681892,0.3786894321666631,4.246319196247297,123.83867148412078,4.8080180881336885,0.6112765627841662,59.49284336692848,0,60.072086,2.6430965192502436
2024-02-04 20:48:00,60,727.1422748593653,305.7751102524327,0.510035320903992,4.563132000553959,118.79396649596764,5.933847548571279,0.7006513394082208,66.62333687643915,0,60.552147,2.9652515902687537
2024-02-04 20:49:00,60,783.7069325862436,307.00406884215414,0.4709621173433656,4.155013416993791,118.67854273841056,4.918893781616123,0.6402926971493675,66.43411839783461,0,59.821026,2.973083857641513
2024-02-04 20:50:00,60,710.7724096580396,277.3446805568439,0.3829561520592731,4.65704358086398,123.80394754358318,5.51456822724463,0.6409891863002766,62.28610196942522,0,60.162987,2.9887535290759493
2024-02-04 20:51:00,60,708.1154383675953,283.9220706673791,0.4041973059530857,4.456752936928928,121.2864113458224,4.956369925944706,0.6574974657383466,64.0246931085038,0,60.789505,2.991651899991439
2024-02-04 20:52:00,60,894.9869794293038,290.0470536891041,0.4183554857677758,4.094001289433322,123.18615724946856,5.311324467012065,0.6562808321202618,56.60976558505919,0,59.87231,4.096497848735371
2024-02-04 20:53:00,60,746.626929923303,301.7562856545004,0.3833303947694058,4.133419384729772,120.04253671692712,6.121077756391196,0.6175266905047444,61.38730487341668,0,60.486496,3.645632895033182
2024-02-04 20:54:00,60,796.8534214043457,295.09896200836494,0.4184950995413457,4.281488109283345,118.92642117736628,4.40007202892038,0.7124412181577121,65.31184299097512,0,60.130978,3.3373132368402736
2024-02-04 20:55:00,60,877.5325416634241,285.56741520212813,0.4435491096350049,4.754454866703705,120.64543220833173,5.202425648379985,0.6906776065965367,57.70984533429737,0,60.298645,3.807547168908894
2024-02-04 20:56:00,60,759.6433969636006,301.6549335999092,0.4924065605612167,4.237723318130024,121.53801088102368,4.254430289495238,0.6822863855488976,67.60778041308929,0,59.707775,4.740086382782824
2024-02-04 20:57:00,60,844.4224280415817,306.27120886287827,0.4277168979715116,3.97534277434777,124.2118448790321,5.156537584596153,0.650270482674702,61.3988443755948,0,60.004772,3.847870397054846
2024-02-04 20:58:00,60,857.0537689034626,265.22016326276724,0.4132242795492516,4.303739265225453,124.5363263118938,5.126056378703733,0.6439217592528148,52.76046570486471,0,59.42745,5.939695889738494
2024-02-04 20:59:00,60,771.1869326515728,280.7803097709781,0.4746941223614279,4.5804455566538085,123.16462155281356,5.39336542218331,0.6685740500588273,62.72771464004381,0,59.750313,5.566845696286623
2024-02-04 21:00:00,60,864.0787807640471,303.8142273610349,0.4971431497206122,4.363779665825211,116.34988539345946,5.529649104290066,0.6194910124388807,61.01685227422721,0,59.640965,5.353612972579471
2024-02-04 21:01:00,60,698.3960388237288,294.0721887978807,0.450757099860334,4.101189768528914,121.33599252714949,5.770269120777901,0.6959419458560212,65.72902767525274,0,59.616837,4.822452616115522
2024-02-04 21:02:00,60,896.8252810283907,287.4471522147492,0.4720355554586316,4.475466693454329,117.77391043422809,4.2727891714875055,0.6593890175484695,59.170313776518206,0,60.35296,4.847704522324465
2024-02-04 21:03:00,60,898.160609905228,279.59518383589415,0.4269472401443741,4.146984056405559,117.9404634468255,5.120143174594098,0.6881486500883186,55.31337813992168,0,59.99935,3.899261282606084
2024-02-04 21:04:00,60,842.4806087403128,255.86554522055388,0.4359908613629005,4.094412320476239,123.89762968194567,5.42015966636659,0.7178105617460158,54.81349208026532,0,59.983894,4.479870147542797
2024-02-04 21:05:00,60,815.1486823850032,258.4238739665278,0.4146714695789574,4.445239891451745,119.81210910801369,5.071661757332148,0.6778230778179848,55.30370600973663,0,60.09278,4.629457447396621
2024-02-04 21:06:00,60,813.6523698411327,287.45458064031527,0.4734215070879213,4.599263164222008,125.21267314450716,5.952835209922176,0.7248617632213993,61.7322858341719,0,60.30621,3.0517307804075156
2024-02-04 21:07:00,60,873.7323462437043,260.6257968699199,0.3962399796188163,4.296834404195173,123.72429318032124,5.629931598064556,0.6226532253706748,51.17410740135448,0,58.997738,3.806549687391472
2024-02-04 21:08:00,60,861.4952289437779,253.07819928689253,0.4294389598074764,4.326586350622531,124.76377420115584,5.446708979263091,0.6925606837143844,50.98985952336279,0,59.56482,4.358173931570468
2024-02-04 21:09:00,60,852.9696007386201,261.14131503290486,0.5047417168883298,4.133343047085366,117.98199643765584,4.337406184677345,0.7012158050358402,54.35655734300174,0,59.724617,4.3626792232044
2024-02-04 21:10:00,60,728.8131720570393,282.7950605826091,0.4348093978896093,4.498041824739446,117.07518108507143,4.700806022815559,0.7002887337706756,62.57601671168829,0,60.0838,5.635986085778895
2024-02-04 21:11:00,60,857.1703285729391,254.2691566989667,0.5108950728086183,4.567726651643,121.6092340821262,4.7839255548242114,0.6970874099286404,57.94324512037777,0,60.193466,4.908138008959986
2024-02-04 21:12:00,60,755.9784047257817,266.8796746809512,0.4469824612104172,4.749115746100094,122.65760328759023,5.495075554459239,0.6524064975039583,62.2112724126621,0,59.166824,5.008869280770512
2024-02-04 21:13:00,60,872.5266610370511,278.2060025590528,0.4403072283500415,4.187313040534704,125.4488600730642,5.1030944973247685,0.7196915504433292,56.69176234684525,0,60.069473,3.5639927797471684
2024-02-04 21:14:00,60,818.0854551934237,299.2724588319094,0.4886727586737172,4.769905531079344,121.92882885763888,5.601886775047525,0.6804562351090447,64.39416887413678,0,60.07248,3.2823734991313236
2024-02-04 21:15:00,60,707.0383474030724,294.9946650307442,0.5160068167561718,4.6802301909194535,117.06829327435784,5.197000764838837,0.6124518529933299,66.32678752525595,0,60.758163,4.121551594694849
2024-02-04 21:16:00,60,707.6054693366676,281.4810333684215,0.4303996384274958,4.100337933342819,116.97007485489172,4.454286397450034,0.6580556628604692,65.48401619478159,0,60.09786,3.859895689075476
2024-02-04 21:17:00,60,863.4789191065656,299.3406878921556,0.4061323321723677,4.188833538807411,121.37700268219228,4.831226066556564,0.6705991715521568,60.54500269669458,0,60.136086,4.016117412194791
2024-02-04 21:18:00,60,807.1528735519789,271.8512667232868,0.4753780182749007,4.0870106574166885,122.66764989721388,4.81111298546552,0.6525314863357207,59.41904064388827,0,60.50851,3.072398109066006
2024-02-04 21:19:00,60,766.240823577313,259.26954669514095,0.4825849083933158,4.781707063326349,123.75511918833844,4.673818226943552,0.647058384510235,59.21400678150404,0,59.497276,3.4352590628092874
2024-02-04 21:20:00,60,859.3144973847686,276.1408579153061,0.4374367568869142,4.433813841904543,125.8373679160554,5.60541944754157,0.669058178458285,53.70248529917417,0,60.15059,4.196740217159311
2024-02-04 21:21:00,60,740.5138870007933,302.0186337265509,0.3784591313718219,4.572149359960526,126.9476519147637,5.590094122604213,0.7318640206433906,68.29627403568885,0,60.04984,5.231209354337188
2024-02-04 21:22:00,60,799.4718563369838,306.52759855401985,0.4930722699164981,4.3506863223717325,120.27403915024024,5.850191140574938,0.6256011495113966,65.31720117951568,0,59.370434,5.7148193909724405
2024-02-04 21:23:00,60,722.7996359744603,252.52135248214717,0.4643974367636282,4.805390173319493,118.52975537233588,5.02302848567751,0.6901251966430384,59.343287613728414,0,60.975163,5.720784791385816
2024-02-04 21:24:00,60,839.6087175232396,256.4991061032259,0.4520833881828885,4.405816508987265,122.2343371838558,5.616928418634751,0.6780536207350581,53.8763974207073,0,59.53309,6.607417785014219
2024-02-04 21:25:00,60,762.7662685313078,280.6117099377135,0.4531123333754049,4.723515067465902,115.69464118906198,5.115293732100217,0.6904964927087822,62.0398455524606,0,59.441013,5.555301397125031
2024-02-04 21:26:00,60,890.0735499116462,310.38506185077694,0.4514641982070599,4.540633000049287,123.0964575229443,5.382145200437023,0.6529501220077526,61.93222218230279,0,60.14112,4.2672558672884975
2024-02-04 21:27:00,60,756.4205323451004,266.20377140801503,0.496015609709329,4.203261114245665,118.66540186587272,5.234135129092103,0.6143247216300607,58.4457389642297,0,60.419777,3.3329290361372808
2024-02-04 21:28:00,60,787.4440071441392,263.8079537710961,0.4012231130429768,4.331601102660152,124.97460553252957,4.544783403074624,0.6657518646844813,57.5751587113104,0,60.12626,3.3974844080727276
2024-02-04 21:29:00,60,896.2141250482659,295.0132162728437,0.4553807554109597,4.589822049540458,118.93743411153524,4.768131005013554,0.724111540347078,62.87675241325847,0,59.842365,2.388445281590183
2024-02-04 21:30:00,60,859.5564781331071,276.23709250360463,0.3834858599520107,4.115723944414484,125.04061906750462,5.57946610041823,0.6837341878991439,56.09305317924867,0,59.920135,2.901522253725922
2024-02-04 21:31:00,60,787.3432224000937,258.67432109104453,0.4789417221447293,4.536634286761935,123.05563955729752,4.847223456141632,0.7047439579911053,56.821547572796376,0,59.86497,2.6706849834766673
2024-02-04 21:32:00,60,864.3133535435034,259.11698262113225,0.4367583228951757,4.819302999557664,116.19199989596105,5.923938656705475,0.7188790558730517,54.24712435747722,0,59.869778,3.237805186591577
2024-02-04 21:33:00,60,696.0227154642371,284.32480601377864,0.4873149214547693,4.115398555897022,124.09684950609606,5.876604861431791,0.632884423209948,63.5810491699165,0,59.682415,4.225514794984141
2024-02-04 21:34:00,60,778.4020078026883,280.62768129690494,0.409949389475663,4.791573144328996,117.2816788044588,5.127063097861446,0.6507899345022918,60.12451640060928,0,60.449516,3.6952845978982864
2024-02-04 21:35:00,60,718.1213627800136,292.4932570416617,0.4135059702265008,4.075514109466031,119.46938493032334,5.477781536787596,0.6549196798554351,65.62153541903942,0,59.735527,4.6799542922148865
2024-02-04 21:36:00,60,884.5174120927817,272.33368584229834,0.4977509249445311,4.804130065914163,120.2987778681744,4.139444055297184,0.6452507227126212,56.33318814227341,0,59.34521,4.769183653028983
2024-02-04 21:37:00,60,799.9068548970939,250.51257020707587,0.4299394391676737,4.052062754326284,124.31105266128942,5.694445269230014,0.7043175504941859,52.83552288785775,0,58.876923,5.214494298437152
2024-02-04 21:38:00,60,807.8080676312588,293.9366156679982,0.4638152819658153,4.569193202934913,115.2240257087126,5.542364947811368,0.6371873616211746,63.4859750185125,0,60.085087,5.196943819421742
2024-02-04 21:39:00,60,836.1481361821219,285.8899668787887,0.477412256996737,4.223451081678961,118.07517233563348,4.898561799747158,0.7092498541423999,59.86053695991984,0,60.08119,5.192639981170305
2024-02-04 21:40:00,60,848.920356617817,267.018701283466,0.4517182167152532,4.1664647265860895,119.96710224974076,4.729648365212425,0.630635047838424,57.44036033901365,0,59.85901,3.9787060483509467
2024-02-04 21:41:00,60,821.0341864284437,273.0405084326312,0.443434656315786,4.55866149402841,123.03953636406834,5.506285575729996,0.6695208938283413,58.51686001285804,0,59.574326,3.8695736771212097
2024-02-04 21:42:00,60,852.4950884928396,274.67722337914887,0.4712358557869331,4.3273955147011485,124.3642528533764,4.648904882476691,0.6935834506354589,57.58501694707721,0,60.011612,2.4909384837541833
2024-02-04 21:43:00,60,794.0140883730498,254.16637168997048,0.395612306049376,4.568067282493314,116.88851103561176,5.149820043928594,0.6316466972648509,55.39139553371233,0,60.1165,1.6376936145627916
2024-02-04 21:44:00,60,752.6623708421077,265.479825930514,0.4890077049400882,4.031105041569522,117.69873761260168,4.939073107461932,0.7237552607577321,60.54285026331079,0,59.445965,1.868732357185752
2024-02-04 21:45:00,60,811.999908430274,298.4210947982662,0.4211550499888178,4.4439047376926055,118.578748459817,4.543379059990852,0.7151249425454621,63.552728990812135,0,60.299732,3.094188359022859
2024-02-04 21:46:00,60,737.450112214693,309.0530480034226,0.4548046493724438,4.182603697365421,124.8374689581334,5.757387811068279,0.669117783065538,64.54060121906572,0,59.791527,3.8757230353551533
2024-02-04 21:47:00,60,762.500131331077,275.3417668840762,0.4191667299198304,4.575375293157093,123.84629210373936,4.748945293023544,0.7140615581885016,61.05363327126884,0,60.1913,3.5608731293345457
2024-02-04 21:48:00,60,742.365522775217,281.529426345301,0.420672856612402,4.403648121993787,124.5750390609992,5.011006690317843,0.6318235865425963,61.45510203664172,0,58.91203,1.7262143968337937
2024-02-04 21:49:00,60,797.1924800939266,256.77650891007954,0.4295532050787413,4.69575742166868,122.9327091700551,4.803729151782517,0.7296103753232711,58.60212697973039,0,60.07403,2.3171655527312547
2024-02-04 21:50:00,60,873.2777650795537,305.69744213443204,0.3894994570041579,4.215235139448945,127.17827997885084,6.054671695868611,0.7310411429919189,62.29920420979871,0,60.498455,2.147224370546906
2024-02-04 21:51:00,60,728.375650593316,275.67798398160863,0.4592482428844808,4.255442297577375,125.07004261440088,5.265275237395153,0.7234152519213431,64.69876340640506,0,60.11167,2.2020221987090984
2024-02-04 21:52:00,60,838.3387818749189,290.18221127513897,0.4464295976668834,4.500295782920677,123.6384882823682,5.72468074874575,0.647205198084293,59.931323217748165,0,60.13205,2.3280095061357864
2024-02-04 21:53:00,60,881.9124034212194,291.84728552952924,0.4107025414420494,4.246412928646316,127.44670444857464,5.629264197018839,0.6209968026231056,56.86446866324895,0,59.925022,3.082490283483873
2024-02-04 21:54:00,60,858.9134701024154,301.0528027788725,0.3937048518693128,4.286904580059006,126.2202171339686,5.958187646044223,0.656236066593333,59.72182416824884,0,59.83807,2.9498519837430295
2024-02-04 21:55:00,60,786.3676790652044,310.73463144413205,0.463904787305499,4.351337514750574,119.51511943726376,6.140300953381411,0.7168826017298678,64.75034042066633,0,60.359985,3.4437413340394505
2024-02-04 21:56:00,60,795.491733003366,282.4702396592656,0.4180335847256355,4.575534869347716,121.12718883642394,5.313851712302772,0.6638607178433138,60.76550202492698,0,59.974434,2.838943105732409
2024-02-04 21:57:00,60,817.8461524781093,281.49218590669034,0.4325424716815904,4.47102381471925,126.36531839594234,5.348166611295508,0.6761416983167885,58.65481427213442,0,60.27548,2.947693850216348
2024-02-04 21:58:00,60,769.2645683098252,278.81794934287274,0.4117635559395697,4.534710635466861,116.12538301813382,5.209861843365118,0.6613987332655855,60.35415383958824,0,59.65274,2.3214907679271812
2024-02-04 21:59:00,60,728.277527498479,290.59172319678345,0.4305211605969888,4.505114358769123,117.19948620523591,5.255512771377251,0.6265983566673412,63.700999703947446,0,59.655003,2.5125328338714525
2024-02-04 22:00:00,60,843.0366083793309,260.5381208665015,0.3744476073578998,4.103114454133893,121.25695630320314,5.809295655853136,0.7076285518188324,54.0211760642809,0,59.9391,3.560594088527809
2024-02-04 22:01:00,60,756.9987511842479,270.76664928305104,0.399160955101441,4.300354454458844,119.56827629922896,6.45213723353602,0.6222604331302996,58.49255218198616,0,59.534172,3.5031581148399615
2024-02-04 22:02:00,60,854.5628900356998,283.80880076203,0.4145555104477193,4.4864709611411255,125.7432430424888,6.148044150710409,0.6855965877296587,56.90877133406168,0,60.38913,3.636242952560154
2024-02-04 22:03:00,60,896.9121626771589,271.4724342505537,0.4658030752028281,4.213800372401938,127.00855627179666,5.036925148086535,0.7215224671042514,56.61676746057785,0,60.615234,3.593941609677238
2024-02-04 22:04:00,60,804.9273411605595,307.6745730185326,0.3803056427523248,4.303842501853994,117.43061154770344,5.924718175515969,0.6447845228664059,61.15355411658117,0,59.95572,2.6242433566116916
2024-02-04 22:05:00,60,748.1683843094893,285.87106522316526,0.4781458448274008,4.687516704110302,122.834267393606,6.097996415953784,0.6722629787817249,61.96768646847631,0,59.52094,2.4367813612485003
2024-02-04 22:06:00,60,881.9474165457683,248.4426690737376,0.4095977027581406,4.750261686049378,120.99857080514884,5.899051154170204,0.6452564867647842,51.01060333717747,0,59.5199,4.374518439256612
2024-02-04 22:07:00,60,825.6934440858064,269.2390648975445,0.4057362449037185,4.025605071221816,126.20690943835235,5.356524226674014,0.6825091823951777,55.76486698390402,0,59.512337,4.444577888479279
2024-02-04 22:08:00,60,859.4428951749383,271.4616985065364,0.4600142794150859,4.296359460751385,120.00385929180123,5.264666858010081,0.6559460921977908,55.389165979914026,0,60.026306,4.5251184438239775
2024-02-04 22:09:00,60,880.1938736875503,296.7081085875747,0.4097137195116153,4.355794448636209,121.4094296630757,4.744514653856431,0.6833479194082538,58.14893760863573,0,60.54596,4.015995195595757
2024-02-04 22:10:00,60,872.1210174211262,305.76077001788923,0.4489771178844861,4.660050835526131,115.0815833392874,5.766243507353196,0.7270698130541486,60.16861000877338,0,60.013283,3.437703695045661
2024-02-04 22:11:00,60,746.2788111573831,262.4734222153196,0.404968603914586,4.066390833526454,119.97842846294456,5.115398096974754,0.6514994258917705,59.193550875196,0,59.98447,2.0979462903027732
2024-02-04 22:12:00,60,763.6012517462812,258.5240451139926,0.4853141271389805,4.30320175872251,114.85542589360244,4.570509500502412,0.6642993229361988,60.0142217782354,0,59.865997,1.9573140463908467
2024-02-04 22:13:00,60,808.5120983914115,295.4623516365305,0.4107376992153668,4.188416774093784,124.34509854424532,6.0053467822412605,0.688514603552754,60.44920832838212,0,59.951973,0.9336360379390721
2024-02-04 22:14:00,60,804.8897923538369,289.24858643902223,0.4090896061547553,4.240433110845313,115.68535839592212,5.885699486663535,0.6700230654789116,58.42301584588312,0,60.803425,0.8297866182620447
2024-02-04 22:15:00,60,838.5671403642469,272.77168213951245,0.4872835173519054,4.34569238665904,125.13263229972924,4.619002092036089,0.6357085677665445,57.21322877683803,0,59.926277,1.291760272194097
2024-02-04 22:16:00,60,703.7819329451726,304.455867073076,0.3973510004779934,4.268892752787995,115.29563799640002,5.570471141221383,0.6658483385324826,67.98425520930039,0,59.608112,4.209144739516517
2024-02-04 22:17:00,60,804.9802020617064,305.96764229172584,0.4417056849242998,4.222470218992564,120.310175136304,5.2647160645235,0.6708356419157752,62.9503795583902,0,60.25735,4.273508671607146
2024-02-04 22:18:00,60,784.3827525096161,284.2950785802253,0.4727402274615803,4.105341489160342,116.4485659452228,5.308306072540866,0.7166987946936629,63.40741838217647,0,59.814735,4.312866170029016
2024-02-04 22:19:00,60,806.5881488428918,257.0048172103074,0.4429935616900762,3.970767763375244,115.53337756870285,4.574231177610254,0.6755087038125371,54.046779477390686,0,60.119392,5.4998609269566945
2024-02-04 22:20:00,60,811.4906454493512,249.18320285314476,0.444523902228908,4.603983166844862,118.6574367775872,6.125895604664172,0.6992496267615189,52.42509735280333,0,60.14923,6.647387816283715
2024-02-04 22:21:00,60,695.1803369526252,256.9716056211324,0.4254578286544759,4.116425406421789,121.0426973159258,4.430405467061391,0.6375583144034025,60.73966085402106,0,58.54534,5.133508390789402
2024-02-04 22:22:00,60,845.1545240248072,302.8113061147213,0.4027771943182657,4.387051288173758,122.65314858492636,5.168051342099114,0.6347109486423563,62.203218792565785,0,59.39381,4.988174044999729
2024-02-04 22:23:00,60,822.192410429695,270.0308446184676,0.4207297776577851,4.022010330864644,117.12367392898248,4.793178363821697,0.6536646552389889,55.3033456571857,0,59.83944,4.288721763855069
2024-02-04 22:24:00,60,715.174907102501,305.0704680965416,0.4483748707148908,4.391014471485618,114.0917309643093,5.565769333473032,0.6815525535780412,67.5759985523253,0,58.784756,5.950217660590975
2024-02-04 22:25:00,60,713.0212628377433,290.3127925738045,0.4802444087897506,4.576164060746745,116.97267800227868,5.3450476382815015,0.6410210390408689,67.17377801795368,0,59.79657,5.0630886180477574
2024-02-04 22:26:00,60,766.2715461517967,269.4414991094833,0.475338744605076,4.75118702457822,115.56154788109,5.431458049654259,0.6839568859076539,59.321616057187406,0,59.949432,5.230247769881714
2024-02-04 22:27:00,60,722.3222458455551,301.84653737815995,0.3867492011159752,3.978187311448888,123.06008242585806,5.867497749059592,0.6283079204334154,63.02171646146039,0,59.214752,5.23865355374951
2024-02-04 22:28:00,60,822.4006000662334,303.59833569151,0.397218295240681,4.664813559811325,119.38760661415384,5.776561863567595,0.6148419086281748,61.92662665820272,0,60.04008,3.528868124675241
2024-02-04 22:29:00,60,758.7266806064281,282.21393449194807,0.462477280764638,4.192114004319784,126.89643804773374,5.832479499624494,0.6724802792302327,62.352368212361846,0,60.23447,2.8387095573567898
2024-02-04 22:30:00,60,850.6146776074984,290.39266075999245,0.4694074912440799,4.687915969164678,126.48285241838872,5.252368679434737,0.7186521284427312,61.8942038691594,0,60.433296,1.406969171425315
2024-02-04 22:31:00,60,754.7501854945033,283.54840045933014,0.4772507823449979,4.0268900238921965,118.77084401613278,5.587376088031124,0.7178870919567579,62.59875647519276,0,60.79614,0.47426312680012467
2024-02-04 22:32:00,60,830.5670137371993,275.7334435085881,0.3849552226588619,4.580717637224049,115.03278323253464,5.529974254439327,0.645647991106999,57.82408243174447,0,59.98081,1.9761164400774012
2024-02-04 22:33:00,60,745.3210073763181,266.16045446577084,0.5014499095480952,4.572144572774879,126.024562865031,6.2134778317039006,0.6554020683801101,59.31115408301156,0,59.505775,2.116325000197034
2024-02-04 22:34:00,60,779.9558685157995,290.17422927371206,0.4408525280358651,4.2276655315649,125.0140357892391,5.496185666907286,0.6935714592804646,62.22023798623079,0,60.48867,2.0927276483507
2024-02-04 22:35:00,60,803.9798729266992,291.0776874303835,0.4640118772763507,4.509114807885449,124.2928536926504,5.755565244694187,0.6792807906957603,64.65389082029776,0,60.66653,2.7302638575023535
2024-02-04 22:36:00,60,800.8573899600366,301.1883015078818,0.4794242615139786,4.4883781347130185,117.72120439412294,5.78294586860567,0.637574316462319,64.3322069596896,0,59.87982,3.0269181506205993
2024-02-04 22:37:00,60,822.8536661831788,302.94544852825254,0.4531632834955947,4.621666006023921,121.36109548667164,5.47442232298898,0.7192541337566632,64.94060745480297,0,60.213997,2.369057296286837
2024-02-04 22:38:00,60,765.4541537731245,256.8704647568581,0.4935665013681898,4.427265841475875,127.68280142297156,5.761580756903657,0.609298251917391,54.40381963219495,0,60.06948,4.439011460879121
2024-02-04 22:39:00,60,778.3117732257249,285.2724583162104,0.4597700560454915,4.504238827713749,123.02560899621857,5.801097666713774,0.7030026278728474,61.87515006301236,0,60.881443,4.439554629807583
2024-02-04 22:40:00,60,751.5630857940746,282.4680952754994,0.4254884964561352,4.846172545184377,124.82876570825914,5.436492807707711,0.7147258686590866,63.746510321063006,0,60.411106,4.3230696661600625
2024-02-04 22:41:00,60,883.2157444727533,288.6865380944712,0.3834056818038661,4.392040770363166,125.68834070428832,4.870964406155846,0.6926273382741507,57.52949207747508,0,59.541527,4.419762154664106
2024-02-04 22:42:00,60,711.3108692568258,288.4377409527382,0.4317320975715896,4.740292301915351,119.0618081094674,4.718070060949185,0.6663895541252113,67.41083666826776,0,59.53105,5.1225438075464425
2024-02-04 22:43:00,60,739.4932491651579,296.3055871677996,0.397524519735388,4.1226493878701245,124.441197551071,5.1992719075924825,0.633688615062757,63.432125473931606,0,59.783073,3.5773199963203015
2024-02-04 22:44:00,60,713.0798977318055,285.38665508567675,0.4782672926812414,4.082038536663288,118.49663451303525,5.045266234662394,0.6138448980242767,64.8766949218048,0,60.225574,3.6349484047595633
2024-02-04 22:45:00,60,890.6967372843989,279.73124222095265,0.3860902973131157,4.218909808860996,118.01775388853414,5.110232765726112,0.7057602398098813,56.73222872543843,0,60.26405,4.672748025172345
2024-02-04 22:46:00,60,829.106928638502,266.21531580568256,0.4257169142571096,4.224429085929868,120.66248451266588,5.309435716331097,0.6422072612953124,54.868349226292914,0,59.82269,5.403173590177568
2024-02-04 22:47:00,60,788.2203949392393,304.8590966466346,0.4792878055951381,4.562030852046632,127.43227594377656,5.012606719565325,0.6381013237148618,64.43475991655069,0,60.79609,4.70283320745691
2024-02-04 22:48:00,60,702.3027264029455,297.5008790297468,0.4762199267648014,4.131925692863867,114.45466571983007,4.669965779310925,0.7008892757508323,70.79851488477883,0,58.891785,6.512333606167825
2024-02-04 22:49:00,60,827.2919676465126,257.33724770471235,0.4329131309558519,4.608985901390542,119.04820205853814,5.428581069157168,0.6708303642101647,54.87978510355138,0,60.276924,7.05188764881312
2024-02-04 22:50:00,60,776.3160250783965,254.04463246929697,0.3954202194621064,4.085290335128838,121.574346413312,4.909309208549574,0.6732652901252241,55.920803901666666,0,59.312595,7.164190509421519
2024-02-04 22:51:00,60,825.2114815189059,304.63129211852697,0.3996964103627465,4.552024250925832,117.17433135030328,5.050177876657402,0.6524666274832248,63.2491888315956,0,59.644688,6.566080936068301
2024-02-04 22:52:00,60,872.5661832853243,249.0636263415049,0.3896269415201958,4.577540834564705,126.96383718853888,5.83111705627652,0.6744826548198086,50.37444133670031,0,59.634045,8.032878045572923
2024-02-04 22:53:00,60,825.9838898260571,292.9975538895719,0.4365314056007985,4.569689985207858,114.77864373420644,5.303378165687755,0.6373149493512889,62.3859801498129,0,59.271008,5.407489758109243
2024-02-04 22:54:00,60,770.0423708641416,261.9656690123269,0.4189209757238991,4.383823767909515,125.41228250172796,5.80304290979012,0.6464205272390265,56.09110530694514,0,59.03985,5.294431238578048
2024-02-04 22:55:00,60,753.1875708929272,287.3910986315059,0.4658304788062843,4.045489853913084,122.43552167107198,5.409974394932984,0.6314733937628442,61.26580810127104,0,59.422405,5.407925556434525
2024-02-04 22:56:00,60,766.5696971520119,286.240657340948,0.3802124409802823,4.668840363212269,120.21046788707083,5.259585776042742,0.6780956618592399,62.7849772855632,0,60.06269,5.312877580251765
2024-02-04 22:57:00,60,893.020107836804,301.05141949362,0.4456559488381623,4.285479898750408,122.5550352217236,4.535937081832719,0.7215442486921254,62.14365444466824,0,60.28658,2.7641161472461957
2024-02-04 22:58:00,60,715.0878276986203,298.7733520703898,0.4695789753724259,4.675671424134821,127.29526117124266,4.4962631601585255,0.6170565178062427,66.13131542949763,0,59.437187,3.6282709815513754
2024-02-04 22:59:00,60,842.8400749873316,307.3552914414609,0.4633612319081188,4.138058909446009,119.3203224686656,4.972180468461367,0.6272432493154096,61.11850770130685,0,59.73721,2.0401023297161407
2024-02-04 23:00:00,60,771.8315132060668,258.48853045353866,0.431766732157435,4.559074783324784,115.81693198177778,5.870208481791873,0.7065687817720078,57.44485520171201,0,60.507996,3.1305984596008094
2024-02-04 23:01:00,60,847.3343737246173,277.7077715043689,0.4153637560202839,4.699644334267723,122.57501924975205,5.041884882088218,0.6556356683873913,60.55437785004984,0,60.400436,3.1362799783224347
2024-02-04 23:02:00,60,896.7155090538611,278.173680742303,0.3888157047497647,4.451587607720898,123.2873622884203,5.867448638166244,0.6731889669161844,53.03611988966412,0,60.490616,4.8370365433209015
2024-02-04 23:03:00,60,709.9046053216455,250.96381072866825,0.4434372200637277,4.638758936198979,121.15829483478792,5.112668880369801,0.6710076276971274,59.111445343728185,0,58.87747,3.2447395460007793
2024-02-04 23:04:00,60,778.8823051315967,252.97910326765705,0.4351851261147549,4.095570044885103,119.16901192437784,4.902958146780443,0.7013824710875828,55.94481108720462,0,60.146393,2.910203878508519
2024-02-04 23:05:00,60,902.989444318712,291.483329428855,0.4910751720571166,4.211967718467238,124.19966409397522,5.096587513659724,0.6381488798978154,57.90379334519522,0,59.996326,2.926327707334676
2024-02-04 23:06:00,60,766.2565323592482,282.9659933163564,0.4221305949709132,4.480506682922299,120.20822926563592,5.474185058668945,0.7056605256898211,61.52824838365757,0,59.852486,3.214471540865066
2024-02-04 23:07:00,60,905.8306054914824,273.15780757419793,0.4797125007412135,4.072525692744593,127.39258741133918,5.803646649163784,0.7060912794253192,55.16850287063753,0,60.017788,2.5451288515588972
2024-02-04 23:08:00,60,716.7623368933791,254.15444695092955,0.4869557030568781,4.158961843777576,125.10636090215596,4.838517680173058,0.6295054421390441,60.70351063649448,0,58.90261,2.8149603097375486
2024-02-04 23:09:00,60,829.6709875309617,267.8423465461492,0.3971655789151244,4.262217202385886,120.12277557859603,4.904180505410369,0.6219149392284651,55.069333222670615,0,60.24224,3.0143432993144605
2024-02-04 23:10:00,60,841.0175926076447,292.3015938715301,0.4602633849238565,4.136151581405025,116.09761952739224,5.981664907963794,0.7024136344327451,59.02609855033543,0,60.63145,3.0401130118830406
2024-02-04 23:11:00,60,739.790289133646,267.5337427116054,0.488838700184851,4.5068411777179085,124.82117874983668,4.990085758199878,0.6652961267148029,61.96381667209068,0,60.1479,3.159664531829308
2024-02-04 23:12:00,60,783.6805186907005,311.10083844567896,0.4545982004350253,4.659829566761205,119.53989891000458,4.609178030669921,0.7177723944841006,70.3539659595081,0,59.49449,5.62775528228027
2024-02-04 23:13:00,60,755.5982620895073,303.7908690661044,0.3826373124033871,4.450807144625501,124.2733734201471,5.675405884365754,0.688709862129915,65.93858291916594,0,60.14469,5.938740051089925
2024-02-04 23:14:00,60,851.9177255066824,281.51506421833767,0.4715150053175967,4.573551338051404,117.09103564223322,5.465500677688424,0.6553016357236731,58.30838245247078,0,60.42308,5.037933822754514
2024-02-04 23:15:00,60,884.9058413582602,254.1547340584052,0.4001685834572972,4.159942215350384,121.21498102958788,4.814835292202548,0.7050325328133968,53.8391533145863,0,60.85536,6.432288150078435
2024-02-04 23:16:00,60,889.7443684615077,288.9354250088714,0.4937094713554946,4.555293587875569,120.6464551313258,4.9193556306450725,0.6400579063405788,58.38644855230305,0,60.12397,6.644023953162348
